トークンキー,WOVN.io: 許可ドメインリスト,,,,,
XnZp96,wovntechnologies.sharepoint.com,,,,,
VwYVVc,tabelog.com,,,,,
tM3UrG,tabelog.com,,,,,
3ZVL-R,tabelog.com,,,,,
CnY-ya,tabelog.com,,,,,
f-dumb,"www.recipe-ru.com
stg-v2.recipe-ru.com
recipe-ru.local",,,,,
8LYp9T,"kaigo-passport-tokyo-member-test.spiral-site.com
test.kaigo-passport-tokyo.jp
member.kaigo-passport-tokyo.jp
kaigo-passport-tokyo.jp",,,,,
6OKevu,"dolk.jp
dolk-sv2.khronoserv.com
6okevu.wovn-demo-proxy.com",,,,,
wt7NLP,"demo1.dev.makitori.jp
demo1.local.makitori.jp
app-demo1.dev.makitori.jp
app-demo1.local.makitori.jp",,,,,
16bMWC,"stagecrowd.live
preview.stagecrowd.live
intl.stagecrowd.live
preview.intl.stagecrowd.live",,,,,
2G7yip,"intl.id.exfamily.jp
preview1.smccms.aws.yuu-inc.jp
preview.intl.id.exfamily.jp",,,,,
9z-Zov,niziu.com,,,,,
CpPyWc,"preview.klub-outside.com
klub-outside.com",,,,,
ebK5Wl,"preview.skz-stayjapan.com
skz-stayjapan.com",,,,,
qF9OYd,"eng.online.johnnys-net.jp
preview.eng.online.johnnys-net.jp
eng.online.familyclub.jp
preview.eng.online.familyclub.jp",,,,,
qqLb96,"worlds-reservation.pokemon.co.jp
preview.worlds-reservation.pokemon.co.jp",,,,,
UAuQoi,"intl.bbz.exfamily.jp
preview1.smccms.aws.yuu-inc.jp
preview.intl.bbz.exfamily.jp",,,,,
XDKDk-,"intl.pcf.exfamily.jp
preview1.smccms.aws.yuu-inc.jp
preview.intl.pcf.exfamily.jp",,,,,
Z8P1Bl,"preview.intl.rmpg.exfamily.jp
intl.rmpg.exfamily.jp
preview.rmpg.exfamily.jp
rmpg.exfamily.jp",,,,,
zyn19i,"preview.official.idolfes.com
official.idolfes.com",,,,,
A7AuyJ,"hamee.co.jp
file.hamee.co.jp
ivory485466.studio.site",,,,,
th8gfs,"www.aichi-value.com
aichi-value.com",,,,,
ZYXw0z,"unthreed.com
t.unthreed.com",,,,,
AY-v0o,wf.shonin-time.jp,,,,,
rVgjm_,"www-test.ntt-tc-lease.com
www.ntt-tc-lease.com",,,,,
Q4oAYC,"andleo.leopalace21.com
stg-andleo.leopalace21.com
test-andleo.leopalace21.com
andleo.alpha-stg.leopalace21.com",,,,,
HmrWgZ,"paypay.ne.jp
about.paypay.ne.jp",,,,,
lJ3eeo,wf.shonin-time.jp,,,,,
F0ukog,wf.shonin-time.jp,,,,,
iJfT_e,yusukewovngh01.neocities.org,,,,,
haHav8,"www.lpg.tokai.jp
54.249.117.251
stage.www.lpg.tokai.jp",,,,,
vx_i16,"vasara-h.co.jp
next.vasara-v3-test.web1.v3.vasara-h.co.jp
next.vasara-v3-test.web2.v3.vasara-h.co.jp
next.test.v3.vasara-h.co.jp
en.next.prod.v3.vasara-h.co.jp
zh-cht.next.prod.v3.vasara-h.co.jp
next.prod.v3.vasara-h.co.jp",,,,,
psJ6E1,"www.gunze.jp
stg.gunze.jp",,,,,
Zr0cEs,wf.shonin-time.jp,,,,,
Q_FaaB,3d-stock.net,,,,,
LXvgys,knowledgecenter.zuora.com,,,,,
3cP0Af,"www.earth.jp
stg-www.earth-chem.jp
www02.earth.jp",,,,,
1OnSsu,"www.welcometokyo.jp
udx.jp
kensyo.udx.jp",,,,,
gzmeZM,"staging-www.asoview.com
staging-ticket-guest.asoview.com
staging-member.asoview.com
local.asoview.com
qa-www.asoview.com
qa-ticket-guest.asoview.com
qa-member.asoview.com
member.asoview.com
ticket-guest.asoview.com
www.asoview.",,,,,
ipue47,"acp01.e-vans.jp
www.aprica.jp",,,,,
2o5B_S,api-odm.com,,,,,
2Uq1Kp,"www.aeon.info
stg.aeon.info
aeon.info",,,,,
p4JKau,"nomonshop.jp
www.nomonshop.jp",,,,,
b-jH4N,www.mt-compass.com,,,,,
-z2ejT,"big-up.style
dev.big-up.style",,,,,
GyvG15,"stg.plus-id.jp
plus-id.jp
xg-dev.pasch.fan
xg-stg.pasch.fan
xg.pasch.fan",,,,,
11vMbC,"shop-play.mu-mo.net
shop.mu-mo.net",,,,,
Fc9MyM,"t.livepocket.jp
dev.livepocket.jp
stg.livepocket.jp
livepocket.jp
prod.livepocket.jp
livepocket.local",,,,,
-8qfim,"intersection-tokyo.jp
pre.intersection-tokyo.jp
www.intersection-tokyo.jp",,,,,
B9SOms,"www.commmons.com
nexttest2.commmons.com
commmons.com
pre.avex.jp
prior.commmons.com",,,,,
EdWLph,"pre.redvelvet-jp.net
redvelvet-jp.net
www.redvelvet-jp.net",,,,,
FnGaaO,"exo-jp.net
pre.exo-jp.net
www.exo-jp.net",,,,,
FOr9av,"nct-jp.net
pre.nct-jp.net
www.nct-jp.net",,,,,
l1miEe,"wa-suta.world
pre.wa-suta.world
www.wa-suta.world",,,,,
lB0agW,"pre.tokyogirlsstyle.jp
tokyogirlsstyle.jp
www.tokyogirlsstyle.jp",,,,,
MhXeHl,"avex.jp
stg2.avex.jp
www.avex.jp
pre.avex.jp",,,,,
OOJyBb,"ygex.jp
pre.ygex.jp
www.ygex.jp",,,,,
QFspdj,"pre.superjunior-jp.net
superjunior-jp.net
www.superjunior-jp.net",,,,,
rPwzCc,"pre.bish.tokyo
bish.tokyo
www.bish.tokyo",,,,,
ZjWoyF,"pre.anna-t.com
anna-t.com
www.anna-t.com",,,,,
zjctaM,"toho-jp.net
pre.toho-jp.net
www.toho-jp.net",,,,,
-Mdre_,"da-ice.jp
pre.da-ice.jp
www.da-ice.jp",,,,,
KuNfFZ,"www.orbis.co.jp
s3.develop.orbis.co.jp
s2.adjust.orbis.co.jp
s2.adjust.orbis.co.jp:25443
www-adj.orbis.co.jp
www-dev.orbis.co.jp
www-dev-st1.orbis.co.jp
www-adj-st1.orbis.co.jp
www-pub-st1.orbis.co.jp
kunffz.wovn-demo-proxy.com",,,,,
OKWOqd,wf.shonin-time.jp,,,,,
mLqGru,"sunchlorellashop.jp
test.sunchlorellashop.jp
test2.sunchlorellashop.jp
aws-renewal.sunchlorellashop.jp",,,,,
xamizd,"mado.suntory.com
sun.suntory.com",,,,,
c50yLo,"i-drive.jp
test.i-drive.jp",,,,,
K-A6YY,www.techtuit.co.jp,,,,,
CjWbCt,morningpitch.com,,,,,
-ihQ_V,"job-gear.net
stg.job-gear.net",,,,,
DzIMyD,www.alvark-tokyo.jp,,,,,
0Jh3rD,"panfix.com
www.panfix.com",,,,,
b7g8jM,"hitomgr.jp
stg.hitomgr.jp",,,,,
JqWFvE,"bandogrp.com
integration-5ojmyuq-47xtbf2tmpfu4.eu-5.magentosite.cloud
mcstaging.bandogrp.com
commerce.bandogrp.com",,,,,
JQrJgZ,"fontworks.co.jp
stage.fontworks.co.jp
en.fontworks.co.jp",,,,,
qYdo3u,www.kcb.or.jp,,,,,
mE3K-p,"hobby.ec.volks.co.jp
dollfie.ec.volks.co.jp
dollfie.volks2nd.ebisumart.com
dollfie.volksfuka.ebisumart.com
hobby.volks2nd.ebisumart.com
hobby.volksfuka.ebisumart.com
hobby.volks.ebisumart.com
dollfie.volks.ebisumart.com",,,,,
9wtpEw,"www.volks.co.jp
dollfie.volks.co.jp
hobby.volks.co.jp",,,,,
mfkwcg,munahaku.jp,,,,,
2VSOgr,"www.euglena.jp
163.49.60.41
testco1.euglena.jp",,,,,
t-A1-z,"www.finedine.jp
ectest.rexfd.net
tmpwww.finedine.jp
stg.finedine.jp",,,,,
UJkVZt,factelier.com,,,,,
WFYedg,bwtn-res.resv.jp,,,,,
WslJih,"global.rolanddg.com
backend-dd4a4b85.rolanddg.com",,,,,
fTd639,"www.rolanddg.com
corpuatcd.rolanddg.com
corpprdcm.rolanddg.com",,,,,
2sgUGA,"pu.palsyne.net
pu-test.palsyne.net
pu-test-1ns.palsyne.net
palsyne.com
apply2.palsyne.net",,,,,
1HzLKs,"play-shibuya.com
54.199.212.249",,,,,
1-dV32,,,,,,
rRQg5w,"adachikanko.net
www.adachikanko.net",,,,,
-EQJGW,"champ.lpga.or.jp
champ.stg.lpga.or.jp",,,,,
RBGoqx,www.kohno-shop.ne.jp,,,,,
Mw4di8,"ochabi.ac.jp
ochabi-senmon.5639.jp
www.ochabi.ac.jp
senmon.ochabi.ac.jp",,,,,
mebLn6,"tamashii.jp
english.tamashii.jp
sp.tamashii.jp
www.tyl.co.jp
cinema.tamashii.jp
mtcms-dev.tamashii.jp
mtcms.tamashii.jp
store-dev.tamashii.jp
tamashiiweb.com
dev.tamashiiweb.com
tamashii-nation.tamashiiweb.com
cinema.tama",,,,,
QqEQBg,"1kuji.com
stage.1kuji.com
sf.1kuji.com
stage-sf.1kuji.com
devstage.1kuji.com
devstage-sf.1kuji.com
phoenisys.t-phn.com
kuji-test.t-phn.com",,,,,
Rr32lY,www.cdi-medical.co.jp,,,,,
aQ1klC,"testwww.acure-fun.net
testwww.jre-water.com
www.jre-water.com
www.acure-fun.net
dev-testwww.acure-fun.net
dev-www.acure-fun.net",,,,,
e1UfKm,"testwww.jr-cross.co.jp
www.jr-cross.co.jp
dev-www.jr-cross.co.jp
dev-testwww.jr-cross.co.jp",,,,,
cuHO8I,"www.shibuya109.jp
t-shibuya109.adss-sys.com",,,,,
dWaJX2,magnetbyshibuya109.jp,,,,,
92TKFs,www.zmp.co.jp,,,,,
4UEPPF,"www.aidem.co.jp
stg.aidem.co.jp",,,,,
b6Bqv9,job-gear.net,,,,,
4Qe3OY,"en.riceforce.com
kakuninen.riceforce.com
pc4.gatx.riceforce.com",,,,,
NadQAE,"www.studyjapan.jp
studyjapan.e-2.jp",,,,,
Y5qfJE,studyjapan.e-2.jp,,,,,
7qkUhL,"www.ski-gelende.com
218.251.117.139
218.251.117.136",,,,,
Y3dScs,www.kakegawa-greentea.jp,,,,,
wAC4tk,walking-hanoi.net,,,,,
2b_HR8,fujitaka-japan.com,,,,,
zm-BTs,aritaporcelainlab.com,,,,,
-WUlB2,"test.ajis.jp
www.ajis.jp",,,,,
QRSX2y,"www.his-j.com
stg.member.his-j.com
air.his-j.com
air-test.his-j.com
e.his-j.com
e-kensho.his-j.com
member.his-j.com
stg.his-j.com
smp.his-j.com
stg-test.his-j.com
stgorg.his-j.com",,,,,
2WhlHi,"www.surpricenow.com
flights.surpricenow.com
stg.surpricenow.com
flights-test.surpricenow.com",,,,,
6L_QJW,"www.tcue.ac.jp
www2.tcue.ac.jp
www3.tcue.ac.jp",,,,,
ETvFHK,"www.autobacs.co.jp
test15.swcms.net",,,,,
3WeeUL,"sakuragarden-hotel.com
nkc-test.com
test.sakuragarden-hotel.com",,,,,
O6rT0Q,"www.ofcosmetics.co.jp
ai114rc23b.smartrelease.jp",,,,,
cnh8DM,"reservation-t.maihama.net
reservation-d.tokyodisneyresort.jp
reserve.tokyodisneyresort.jp
tokyodisneyresort.jp
reservation-d.maihama.net
reservation-t.tokyodisneyresort.jp",,,,,
_vLMqk,www.ginza-kanematsu.co.jp,,,,,
JnjO_-,"www.shoesconcierge.jp
mobile.shoesconcierge.jp
shoes.kanematsu.10-1000.jp
mobile.kanematsu.10-1000.jp",,,,,
5Z1OHG,"www.kawata.cc
kawata-mfg-cojp.check-xserver.jp
www.kawata-mfg.co.jp
kawata.cc",,,,,
-QI4iK,"www.cubesystem.co.jp
subinfo-cubesystem.co.jp",,,,,
91suve,"kinto.co.jp
kinto-admin.fracta.jp
www.kinto.co.jp
kinto-japan.myshopify.com
staging-kinto-japan.myshopify.com",,,,,
iWXfJF,"job.gtn.style
job.gtn.co.jp
gtnjob-seeker.vercel.app
job-stg.gtn.co.jp
seiburailway-gtn.com",,,,,
GJswus,"gtn.co.jp
test-web.site
stg.gtn.co.jp
www.gtn.co.jp
gtn.test-web.site
gtn.test-web-site.work
gtnlp.gtn.co.jp
gtn.test-web-site.online",,,,,
OZL2NY,"on-board-stg.polycano.com
on-board.io
demo.on-board.io
api.on-board.io
staging-api.on-board.io
dev-api.on-board.io",,,,,
b0Qtuj,"www.sakura-house.com
sakura-house-dev01.sakura-news.com
sakura-house.com
staging.sakura-house.com
secure.sakura-house.com",,,,,
cawCnc,www.granviakyoto.com,,,,,
qev3XD,"www.associa.com
staging.associa.com
associa.com
ai111od3k1.smartrelease.jp",,,,,
VyeLwX,"preview1.smccms.aws.yuu-inc.jp
j-island.net
preview.j-island.net
jr.kirks.jp
preview.johnnys-jr.com
johnnys-jr.com
Jr-official.infraroom.team
preview.jr-official.com
jr-official.com
jr-official.starto.jp
preview.jr-official.",,,,,
9ypbr5,"www.skylark.co.jp
www-stg.skylark.co.jp",,,,,
GbACFY,"secure-demo.okbiz.okwave.jp
faq.skylark.co.jp",,,,,
6afwRt,"www.star-jewelry.com
production-ap01-starjewelry.demandware.net",,,,,
2vGiun,urakata.in,,,,,
1_RUbu,www.hotel-azur.com,,,,,
JthcYH,www.tkp-resort.net,,,,,
8sDzhn,"store.tomorrowland.co.jp
faq.tomorrowland.co.jp",,,,,
JDu0co,"flowers.naked.works
naked.works
dev.flowers.naked.works
tree.naked.works
meets.naked.works",,,,,
4H1jyP,"naked.co.jp
dev4.naked-inc.com
dev.naked.co.jp",,,,,
bgh5Fp,jinji.jinjer.biz,,,,,
gP0IZR,"kintai.jinjer.biz
staff-kintai.workflow.dev.jinjer.info",,,,,
Q_30BY,"signing.stg.jinjer.net
signing.dev.jinjer.info
sign.jinjer.biz
signing.staging.jinjer.net",,,,,
lKwPbq,www.noritz-yulife.com,,,,,
-31mmH,"th-synergy.bandai.co.jp
tomato-test.t-phn.com",,,,,
idMWIQ,"dev4-test.t-phn.com
digimon.net",,,,,
avv6NE,"skiski.jp
daiski.jp
bewave.jp
bewave.xsrv.jp",,,,,
RgURck,"bewave.co.jp
bewave.jp",,,,,
ynobu5,"goodnaturestation.com
stg-goodnaturestation.sakuraweb.com
staging.goodnaturestation.com",,,,,
yO6dza,www.oshinoninja.com,,,,,
G7KAnW,"www.aircamp.us
*.aircamp.us
*.develop-bbt757.com
*.staging-bbt757.com
*.bbt757.com
aircamp.us",,,,,
4gv1fB,"sanwadock.phonogram.jp
www.sanwadock.co.jp
sanwadock.co.jp
sanwadock.phonogram.tv",,,,,
2KgGHL,www.kaisou-science.jp,,,,,
tvhS4q,www.fint-shop.com,,,,,
zCKNo9,"www.petio.com
fs.petio.com
pshop.c26.future-shop.jp",,,,,
hsUj6y,"www.highlandstation-inn.com
highlandstation-inn.com",,,,,
MxjjnJ,www.fujinomiya-fujikyuhotel.jp,,,,,
oi6wq8,"www.japanecotrack.net
jet-front-dev.ethan-tech.asia
jet-front-test.ethan-tech.asia
wwws.japanecotrack.net
www2.japanecotrack.net",,,,,
S9vVMr,"store.united-arrows.co.jp
contents.united-arrows.com
store-pre.united-arrows.co.jp
store-test.united-arrows.co.jp
store-edu.united-arrows.co.jp
uaoorg.united-arrows.co.jp",,,,,
_v4hMP,"theshopyohjiyamamoto.com
stg.theshopyohjiyamamoto.com
theshopyohjiyamamoto.jp
stg.theshopyohjiyamamoto.jp",,,,,
nNUR6x,"china.theshopyohjiyamamoto.com
stgchina.theshopyohjiyamamoto.com
theshopyohjiyamamoto.jp
stg.theshopyohjiyamamoto.jp",,,,,
UvUerz,www.yohjiyamamoto.co.jp,,,,,
d9pjl9,"www.thesharehotels.com
ae11971eeu.smartrelease.jp
thesharehotels-prod.site-prev2.com",,,,,
V-Qqo-,"clubgift.jp
test.clubgift.jp
relo-oiwai.eform.ne.jp",,,,,
bgECwg,"www.fukuri.jp
www.fukuri.net
sp.fukuri.jp
sptest4.fukuri.jp
test4.fukuri.jp",,,,,
_68k4m,ichiran.com,,,,,
0n5DSy,www.mentaiju.com,,,,,
WcK6RN,mentaitsukemen.com,,,,,
aVPReh,www.uji-en.co.jp,,,,,
R7L5MM,"www.kikusuiro.com
test.kikusuiro.com",,,,,
zm4-QX,"www.smbc.co.jp
smbc15.digital-marketing.dev",,,,,
Kxs40v,"cms.sysewel.jp
www.c-canvas.jp",,,,,
1tYG27,"p01.mul-pay.jp
dev-shinshu-miraidukuri.stitch.co.jp
shinshu-mirai.resv.jp
shinshu.miraidukuri.jp",,,,,
2_8TBV,alps-sangakukyo.jp,,,,,
8apCwi,"www.ryukyu-kaiensai.com
ryukyu-kaiensai.watuu.net",,,,,
jgXgpK,yuurin-an.jp,,,,,
kBhxnd,"www.aoki-style.com
support.aoki-style.com
aokipre-ef.its.f-ace.jp
aokistg-ef.its.f-ace.jp",,,,,
N719l-,"www.orihica.com
support.aoki-style.com
orhcpre-ef.its.f-ace.jp
orhcstg2-ef.its.f-ace.jp",,,,,
w2umPr,"diver.diveintocode.jp
diverstaging.diveintocode.jp",,,,,
ewf2N7,japankart.resv.jp,,,,,
yTIi80,"www.ga-tech.co.jp
13.231.9.147
54.64.230.148
gacorporate.local
stage.ga-tech.co.jp
dev.ga-tech.co.jp
ga.mount.jp
dev-mount.ga-tech.co.jp
ga.localhost
gast.mount.jp
mount.ga-tech.co.jp",,,,,
1ePXPb,"ekinet2021n.jrnets.co.jp
devb.eki-net.com
dev.eki-net.t01
deva.eki-net.com
devc.eki-net.com
devd.eki-net.com
deve.eki-net.com
stg.eki-net.com
www.eki-net.com
eki-net.com",,,,,
VK8Khx,"www.live2d.jp
stg.corp.live2d.com",,,,,
FICdKh,"www.fortunegarden.com
test-fortunegarden.demo-page.jp",,,,,
2PG-qp,"www.6thbyorientalhotel.com
test-6thbyorientalhotel.demo-page.jp",,,,,
twT7WZ,akasakaprince.com,,,,,
_ClWUA,hotelduparchanoi.com,,,,,
Vb4QQr,theconderhouse.com,,,,,
GfTeJC,"www.thekawabunnagoya.com
test-thekawabunnagoya.demo-page.jp",,,,,
IgDzDr,"www.luigans.com
test-luigans.demo-page.jp",,,,,
J_xcgF,"test-nanzanhouse.demo-page.jp
www.nanzanhouse.com",,,,,
DtAwqB,"www.orientalhotel.jp
test-orientalhotel.demo-page.jp",,,,,
7RC3Kw,"aoyamagrand.com
test-aoyamagrand.demo-page.jp
dev-aoyamagrand.demo-page.jp",,,,,
iqXM1P,"www.thesodoh.com
review-thesodoh.imfeel.jp",,,,,
JWCHiw,www.withthestyle.com,,,,,
yCR__5,www.gardenoriental.com,,,,,
Szi8_a,"smarthr.jp
*.smarthr.jp
*.udemushi.com
*.hanica.me
wata727.lvh.me
test-atsushim.lvh.me
rakuten-mobile-test.smarthr.jp
ntkensyu.smarthr.jp
koban-qa.hanica.me
koban-staging.aoyagi.farm
oke-staging.aoyagi.farm
oke-gcp-produc",,,,,
5kKmJ5,custom-meibo.smarthr.plus,,,,,
bkBzFq,report.smarthr.plus,,,,,
nfWQo5,"keiyaku.smarthr.plus
oke-staging.aoyagi.farm
oke-gcp-production.aoyagi.farm",,,,,
Ut9t7G,"keiyaku.smarthr.plus
oke-staging.aoyagi.farm
oke-gcp-production.aoyagi.farm
app.oke.namero.systems
*.oke.namero.systems",,,,,
3buVmR,"nencho.smarthr.plus
koban-staging.aoyagi.farm",,,,,
J22Rb9,"smarthr.jp
*.aoyagi.farm
*.namero.systems
*.hanica.me",,,,,
fFPOu6,"www.ahkah.com
test.ahkah.com",,,,,
IQZyns,www.ahkah.com,,,,,
2Rxid9,"aams.world
demo.aams.world",,,,,
EZR_m0,"test2.aams.world
aams.world
demo.aams.world",,,,,
eFuC9Q,"lockerroomasicscom.wpcomstaging.com
lockerroom.asics.com",,,,,
mHiEDU,"astroscale.com
www.astroscale.com
www.superspacedawgs.com",,,,,
MPxviM,"xn--n8jva5b9d4f.com
job-soku.xn--n8jva5b9d4f.com
fujiarte.xn--n8jva5b9d4f.com
sokubarai.stg-aps01.com
jobs.xn--n8jva5b9d4f.com
sbs-rabbit.xn--n8jva5b9d4f.com
point.xn--n8jva5b9d4f.com",,,,,
jHQ55N,www.tadao-ando.com,,,,,
K7ZNAq,"www.edion.co.jp
tmp.edion.co.jp
settleinfo.ir-service.net
www-migration.edion.co.jp",,,,,
uoONUA,"www.kinto.co.jp
test.kinto.co.jp",,,,,
dB_8m5,"advance.saisoncard.co.jp
adpay.08works.jp
testadvance.saisoncard.co.jp",,,,,
ZD2nrk,"shop.bonnail.jp
www.makeshop.jp",,,,,
dVF_Hr,www.jsports.co.jp,,,,,
eEwLhI,"id.jsports.co.jp
jid.unitea.jp
jid-new.unitea.jp",,,,,
JsGc3q,jod.jsports.co.jp,,,,,
39_X14,"roostergearmarket.com
test2019.roostergearmarket.com",,,,,
mdfsbT,"www.jackall.co.jp
test2019.jackall.co.jp",,,,,
yqaqBn,development.sqex-bridge.jp,,,,,
x2DgpD,www.yuki-sato.jp,,,,,
FRIvDm,seiko-museum.resv.jp,,,,,
ejJWMg,"preview.fc.niziu.com
preview.m.niziu.com
fc.niziu.com
m.niziu.com",,,,,
0Iggq_,www.damd.co.jp,,,,,
KM299s,,,,,,
lT1SZw,"asiansmileclub.com
yusi.tsac.tsmileclub.com
develop.tsac.tsmileclub.com
tsac.tsmileclub.com
staging.tsac.tsmileclub.com",,,,,
3OzQ-d,"jm.tmstg.jp
www.matabee.com",,,,,
6z7hqI,misoya.net,,,,,
B5SOtt,www.ssocube.jp,,,,,
IoAoI2,eferec.smartsignon.jp,,,,,
M8VEFW,www.netspring.co.jp,,,,,
rh3_Zl,www.axiole.jp,,,,,
UOUlPi,www.eferec.jp,,,,,
kWVBsx,"test.h-t.co.jp
localhost.localhost",,,,,
p4TmZ7,"sl.dev-time.net
sl.kingoftime.jp",,,,,
nS_awN,support.karte.io,,,,,
sJrQEC,"vessel.saunashi.com
www.vessel-hotel.jp
vessel-hotel.jp",,,,,
MsqaV6,"bs.benefit-one.co.jp
bnft.jp
test.bene-st.jp
frontwebserver-f6lu7rr3ddbi2.azurewebsites.net
frontwebserver-zoaxq2femjwbi.azurewebsites.net
testbs.benefit-test.jp
frontwebserver-tzunnq5tdwm7g.azurewebsites.net
benegw-web-stg.azurewebs",,,,,
fAvzaS,"tagengo-omotenashi.com
tagengo2019.blue",,,,,
p12i-N,"housekihiroba.jp
163.49.25.58
210.148.197.183
202.241.194.154
202.241.194.140",,,,,
tghdxz,nakano-sakaue.com,,,,,
Xr9Zjg,l-tike.com,,,,,
gmoyqt,www.emmetiofficial.com,,,,,
gEe1Mi,"www.yokohama-akarenga.jp
elb-yrb-ken.cloudlook.jp
elb-yrb-kai.cloudlook.jp",,,,,
4VpKr5,"www.haneda-tokyo-access.com
s1505.stg.at21.jp",,,,,
LF1X6y,"mufg-pr4.testisobar.com
direct.bk.mufg.jp
entry11.bk.mufg.jp
mufg-pr.testisobar.com
www.bk.mufg.jp
direct11.bk.mufg.jp
k.direct11.bk.mufg.jp
t.direct.bk.mufg.jp
t.www.bk.mufg.jp
t2.direct.bk.mufg.jp
t2.www.bk.mufg.jp
k.di",,,,,
118TyR,"stg.trunktools.jp
www.trunktools.jp",,,,,
vaiwrT,"www.hrm-eshop.com
stg.hrm-eshop.com
hrm-eshop.com
stg2.hrm-eshop.com",,,,,
7AFMoK,"sotetsu-hotels.com
sotetsu.app",,,,,
sak7jh,"www.threeppy.jp
threeppy.graphiso.com",,,,,
LN-U5x,test.co.jp,,,,,
ukoXZM,"www.daiso-syuppan.com
daisosyuppan.sakuraweb.com",,,,,
yMWhAN,"www.daiso-sangyo.co.jp
www2.corporate2019.portal.daisojapan-stg.com",,,,,
JVySNZ,"www.bal-bldg.com
dammy.wovn.com",,,,,
IXWubn,"www.torindo.ne.jp
staging-4447-torindo6.wpcomstaging.com
torindo.ne.jp",,,,,
C0qLLB,"www-stg2.artizon.museum
www-dev.artizon.museum
www.artizon.museum
artizon.com
www-dev2.artizon.museum
artizon.museum
www-stg.artizon.museum
www-stg2-v2.artizon.museum
www-v2.artizon.museum",,,,,
Se00Go,"www-stg.artizon.museum
www-stg2.artizon.museum
www-dev.artizon.museum
www.artizon.museum
artizon.com
www-dev2.artizon.museum
artizon.museum
atz.local.localhost",,,,,
2UKtkT,www.dreamjourney.jp,,,,,
Ol6ne_,www.japan555.com,,,,,
QadDXx,"nagoya-grampus.jp
test.nagoya-grampus.jp",,,,,
0oH2jI,"www.keihan.co.jp
www-q.keihan.co.jp
keihan.staging.export-japan.net
s886.stg.at21.jp
dev-www.keihan.co.jp
stg.keihan.co.jp
s2110.stg.at21.jp",,,,,
D2ORJ6,"openinnovation.keikyu.co.jp
demo02.to-mode.com",,,,,
Nlsq4h,"www.kyusanko.co.jp
sakitsu-church.resv.jp",,,,,
SrdbcG,"kuritaprd0101.powercms.hosting
kuritaprd01.azurewebsites.net",,,,,
YZnnOK,www.yokohamajapan.com,,,,,
APPQ45,"dmm-corp.com
dev-front.dmm-corp.com",,,,,
zr1dY3,"tstwsmbc00.vpass.ne.jp
qa.smbc-card.com
www.smbc-card.com",,,,,
Ntr_Du,"tstwsmbc00.vpass.ne.jp
www.smbc-card.com",,,,,
aNHEue,"www.sumitclub.jp
www.uat.sumitclub.jp",,,,,
v0CEca,"ec.mikihouse.co.jp
test.xyzzyx.work
lb.xyzzyx.work
new.xyzzyx.work
newlb.xyzzyx.work",,,,,
XiMBI1,"www.shiseido.co.jp
test.www.shiseido.co.jp
test5.www.shiseido.co.jp
test-shiseidogfs.hakuhodo-ms.com
test3.www.shiseido.co.jp
wptest.www.shiseido.co.jp
wptest.test.www.shiseido.co.jp",,,,,
dISFUC,"www.sousou.co.jp
sousou.co.jp
kikaku.sousou.co.jp
secure.shop-pro.jp
sousou-netshop.shop-pro.jp
other.sousou.co.jp
test-sousou.oikaze.org",,,,,
m3nHCN,"sousounetshop.jp
www.sousounetshop.jp
members.shop-pro.jp
secure.shop-pro.jp",,,,,
sve4eB,"www.soc.co.jp
soc.jba.testhome2.biz
soc.jba-ts3.com",,,,,
HPfHM6,"www.odakyu.jp
test.odakyu.jp
d1qhz2q1ou116t.cloudfront.net",,,,,
L8i7xa,,,,,,
xmXhol,shinkamigoto.com,,,,,
2l52yn,"stage-cms.arkhills.com
www.arkhills.com
stg-arhi.mori.co.jp
stg-cms-arhi.mori.co.jp",,,,,
PF0IiV,"www.toranomonhills.com
stg-tohi.mori.co.jp
stg-cms-tohi.mori.co.jp",,,,,
ALpF12,stage-cms.toranomonhills.com,,,,,
3hSPcf,"www.hillscard.com
localhost.localdomain
www.hills-id.com
www.stg1-hills-id.com
www.stg1-hillsform.com
www.stg2-hillsform.com
www.stg2-hillscard.com
www.hillsform.com
www.stg2-hills-id.com
www.stg1-hillscard.com
www.stg3-hill",,,,,
QUxbKG,pre.hillscard.com,,,,,
COhQ-m,"hiptokyo.jp
stg.hiptokyo.jp
hiptokyo.local",,,,,
DuIZdt,"stage-cms.omotesandohills.com
www.omotesandohills.com",,,,,
dkKUCy,"stage-cms.roppongihills.com
www.roppongihills.com
stg-cms-rohi.mori.co.jp",,,,,
8Z8TzE,"job.seishin-s.com
stg.job-gear.net",,,,,
GZY6Tm,"www.sotetsu.co.jp
sotetsu.saito.co
www.sotetsu.local
sotetsu.local
*.netlify.app
*.amplifyapp.com
*.d22y1szwhi42z2.amplifyapp.com",,,,,
F47LmU,"www.sawanotsuru.co.jp
swntr-wovntest.loftwork.site
swntr-upg.loftwork.work",,,,,
Vad6b_,"stg-www.c-nexco.co.jp
dev2-www.c-nexco.co.jp
cnexcotest.com
test.nexco-test
tst-www.c-nexco.co.jp
www.c-nexco.co.jp",,,,,
JHmpJC,"stg-highwaypost.c-nexco.co.jp
highwaypost.cnexcotest.com
test.highwaypost.nexco-test
dev2-highwaypost.c-nexco.co.jp
tst-highwaypost.c-nexco.co.jp
highwaypost.c-nexco.co.jp",,,,,
0nqpHH,adventures.co.jp,,,,,
ZWxICE,"tokyu-ap.com
staging.tokyu-ap.com",,,,,
za7SVu,"www.tokyu.co.jp
dev-tokyu.soundcream.net
www.portal-stg.dp.tokyu.co.jp
www.corp-dev.dp.tokyu.co.jp
tokyu.ddev.site
www.corp-stg.dp.tokyu.co.jp",,,,,
ACSNsd,"www.shibuyabunka.com
shibuyabunka.com
biz.shibuyabunka.com",,,,,
XAuXPc,"shibuyastream.jp
shibuyastream-test.pictona.jp",,,,,
dQQoUn,www.tokyo-dome.co.jp,,,,,
fs0ofS,www.tozaiasset.co.jp,,,,,
3Yub6r,"dev-cms.e-nexco.co.jp
www.e-nexco.co.jp
cms.e-nexco.co.jp
dev-www.e-nexco.co.jp
cms-y23.e-nexco.co.jp
www-y23.e-nexco.co.jp
pre-www.e-nexco.co.jp",,,,,
kMHvlF,"www.jreast.co.jp
jrprv.jrnets.co.jp
wwwtest.jreast.co.jp
trial-wwwtest.jreast.co.jp
testcms.jreast.co.jp
trial-www.jreast.co.jp
cms.jreast.co.jp",,,,,
0FBWtj,"wwwtest.jreast.co.jp
pcwdifpajwbr02v.pcwken.jreast.co.jp
trial-wwwtest.jreast.co.jp
testcms.jreast.co.jp",,,,,
HXDiVH,"stg.tobu.co.jp
tra-rep.tobu.jp
dev05.office.pi-pe.biz
test.tobu.jp
t-info.tobu-ticket.jp
tobu.co.jp
www.tobu.co.jp",,,,,
ZS8CvM,"www.tobu.co.jp
www.dev.tobu.co.jp
tobu.co.jp
stg.tobu.co.jp",,,,,
Cgy4_c,"www.aqua-park.jp
www.seaparadise.co.jp",,,,,
d8vX1v,"www.phew-hyuga.jp
test-phew-hyuga.demo-page.jp",,,,,
5TGQx6,"c.cocacola.co.jp
stg-c.cocacola.co.jp
dev-c.cocacola.co.jp
park2021.xc1.jp",,,,,
Y9PGJU,wf.shonin-time.jp,,,,,
EcbdjO,"jdrshop-jdri.jp
jdri.shop25.makeshop.jp
www.makeshop.jp
jdri.jp",,,,,
ItVdJT,"www.j-hotel.or.jp
www-dev.j-hotel.or.jp",,,,,
n__Z4H,"tokyo-haneda.com
stg.tokyo-haneda.com
wf-wovn.dev.netyear.net",,,,,
OXm15j,"www.jal.co.jp
prod-t.jal.co.jp",,,,,
hug9HR,www.jal.co.jp,,,,,
bHM3hX,"dev1.smccms.aws.yuu-inc.jp
n46.monopo.co.jp
www.nogizaka46.com
smccms.jp
dev-www.n46o.yuu-inc.jp",,,,,
LAXMzJ,"global.nogizaka46.com
nogizaka.dev-bloom.com
www.nogizaka46.com",,,,,
HQ9LiW,"www.nogizaka46.com
global.nogizaka46.com
contact.nogizaka46.com
digra-inc.net
n46.monopo.co.jp
smccms.jp
dev1.smccms.aws.yuu-inc.jp
dev-www.n46o.yuu-inc.jp
preview.nogizaka46.com",,,,,
RWLx2B,"mihama.psc-inc.jp
www.mihama.com
mihama.com",,,,,
d2D_X4,"intra.fujifilm.com
intra-test.fujifilm.com",,,,,
XdwxhZ,"staging.fujiq.jp
fujiq.tnlab.site
www.fujiq.jp
members2.fujiq.jp
members.fujiq.jp",,,,,
05NcM3,"e-zofukuoka.com
stg.e-zofukuoka.com",,,,,
NKIfoL,"staging.cloudsign.jp
www.cloudsign.jp
sandbox.cloudsign.jp
cloudsign.local",,,,,
KRt_JU,www.town.niseko.lg.jp,,,,,
v69aDR,"hkdc.co.jp
hkdc.gear7.jp",,,,,
im7yIc,zingaro1.pnrm.work,,,,,
m01V27,"zingarokk.com
zingaro1.pnrm.work",,,,,
AMy2Dn,"spirit.rikkyo.ac.jp
spirittest.rikkyo.ac.jp
helpdesk.rikkyo.ac.jp
150.93.5.209
150.93.5.211
rikkyo-portal.demo.mitsue.com
rikkyo-portal2.demoweb.us",,,,,
S9212f,"www.suzue.co.jp
suzue.co.jp
13.114.13.64
www2.suzue.co.jp
test.suzue.co.jp",,,,,
jPaUea,"www.rokkosan.com
rokkosan.fieldweb.co.jp",,,,,
Kz85WF,my-will.jp,,,,,
oSDH_R,"kaminashi.jp
staging.report.kaminashi.com
localhost:3000
localhost
serene-bartik-cba673.netlify.app",,,,,
WzR10d,"kaminashi.jp
staging.report.kaminashi.com
localhost:3000
serene-bartik-cba673.netlify.app
localhost",,,,,
trhUj3,gs-studio-shizukuishi.resv.jp,,,,,
El5pYN,"dev.mnsta.com
demo1.mnsta.com
pre.mnsta.com
service.officestation.jp
nmc.ofs.mnsta.com
dev6.ofs.mnsta.com
dev2.mnsta.com
dev5.ofs.mnsta.com
dev8.ofs.mnsta.com
dev7.ofs.mnsta.com
dev.ofs.mnsta.com
mypage.ofs.mnsta.com
d",,,,,
K5ThvD,"www.sixbrain.ai
staging.sixbrain.ai
stg.sixbrain.ai
dev.sixbrain.ai
manage.sixbrain.ai",,,,,
uM5Zda,"thekahala.jp
test.thekahala.jp
thekahala.sakura.ne.jp",,,,,
FXTy2s,tokyo-portcity-takeshiba.jp,,,,,
0D31Dh,www.njp.or.jp,,,,,
7BmRHK,"lambda1.shop25.makeshop.jp
www.makeshop.jp
www.lambda-japan.com
lambda-japan.com",,,,,
5lUgUQ,"tmi-73r7.movabletype.biz
www.tmi.gr.jp
form.movabletype.net",,,,,
CKr-8n,"www.huistenbosch.co.jp
htb-www.huistenbosch.co.jp
htb.d-zero.com
huistenbosch.co.jp
chinese01-staging.huistenbosch.co.jp
chinese02-staging.huistenbosch.co.jp
english-staging.huistenbosch.co.jp
thailand-staging.huistenbosch.co.jp
k",,,,,
E_4EaM,"iifes.jp
nbpc-iifes.nikkeibp.co.jp",,,,,
HE6Kjs,"secure.okbiz.okwave.jp
secure.okbiz.jp",,,,,
gtCYj_,jp-scf101.jp.co.square-enix.com,,,,,
MeDux-,"stg.recruit-insides.net
recruit-insides.net
demo.recruit-insides.net
insides.guildworks-dev.com
stg2.recruit-insides.net",,,,,
_4LAhu,"www.marukome.co.jp
www.test-marukome.checksrv.com",,,,,
eMSaCq,"itsd.misumi-group.com
itsd-misumig.msappproxy.net
itsdtest-misumig.msappproxy.net
10.118.204.49
10.118.198.101",,,,,
l5pb4t,"www.yokogawa.com
fe.ia.yc3.yokocms.com",,,,,
GU3vyl,"order.kotobukiya.co.jp
stg.kotobukiya.co.jp",,,,,
Soe90y,"www.yanmar.com
www.yanmar.sandbox
*.yanmar-test.com
www.yanmar-china.com",,,,,
SmneJo,www.lotte.co.jp,,,,,
TDBdCj,"utc.to-ad.co.jp
www.unitrade.co.jp",,,,,
cuJzd2,"biz.starbuyers-global-auction.com
biz.phase1.starbuyers-global-auction.com
biz.stg.starbuyers-global-auction.com
biz.dev.starbuyers-global-auction.com
biz.sou-global-auction.test
localhost
localhost:12081",,,,,
87AzUv,yanmarglobal.sharepoint.com,,,,,
VZzdP6,"www.u-tokai.ac.jp
tokai-prod.altis.cloud
tokai-dev.altis.cloud
tokai-staging.altis.cloud",,,,,
yfcz3s,"tstwsmbc00.vpass.ne.jp
www.smbc-card.com",,,,,
HciK3c,"officemap.one.square-enix.co.jp
dev-officemap.one.square-enix.co.jp",,,,,
m4BMiO,www.kaneko-optical.co.jp,,,,,
QPuVER,"www.kel.jp
webdev.kel.jp",,,,,
RFJqmh,"main.one.square-enix.co.jp
dev-main.one.square-enix.co.jp",,,,,
XibF9l,docs.treasuredata.com,,,,,
-Wt92s,"docs.treasuredata.com
treasuredata.clickhelp.co",,,,,
Yjf_s1,"kaminashi.jp
staging.report.kaminashi.com
serene-bartik-cba673.netlify.app
localhost:3000
localhost
report.kaminashi.com
dev.report.kaminashi.com",,,,,
Xt3rTf,report.kaminashi.jp,,,,,
QAzZaM,kaminashi.jp,,,,,
a87rbX,kaminashi.jp,,,,,
bvQCXl,"kaminashi.jp
report.kaminashi.com",,,,,
dA2RmT,"kaminashi.jp
report.kaminashi.com",,,,,
_3G8rJ,kaminashi.jp,,,,,
kCbzBR,kaminashi.jp,,,,,
xryUu0,kaminashi.jp,,,,,
P-f8i-,kaminashi.jp,,,,,
E8myi6,report.kaminashi.jp,,,,,
n2C11N,kaminashi.jp,,,,,
ea-hVv,kaminashi.jp,,,,,
ACoNHV,"kaminashi.jp
kaminashi.com",,,,,
10Z0kI,kaminashi.jp,,,,,
ypKr89,kaminashi.jp,,,,,
GOqp1E,kaminashi.jp,,,,,
zEAagv,"www.nipponexpress.com
nex-op.nittsu-infosys.com
nex-sp.nittsu-infosys.com",,,,,
CRXdSO,"preview.j-storm.co.jp
www.j-storm.co.jp
www.storm-labels.co.jp
preview.www.storm-labels.co.jp",,,,,
jMvZV9,"www.mistore.jp
dev08-ap01-ims.demandware.net",,,,,
pyhAq3,"www.bandogrp.com
test.bando.co.jp
products.bandogrp.com
cms-product.bandogrp.com",,,,,
gTzGAY,"elleshop.jp
localhost
localhost:8443
172.16.4.128
dev.elleshop.jp",,,,,
ccJiSY,"www9.jcb.co.jp
cts-tup-gbs.jcb.co.jp
cts-tup-cojp.jcb.co.jp
www.jcb.co.jp
www.global.jcb
www-jocdev5.jcb.co.jp",,,,,
4OvSEu,"www.sodai-web.jp
new-test-chiba.sodai-web.jp",,,,,
FgATjK,"spacely.co.jp
dev13.spacely.co.jp",,,,,
svbeeO,"example.com
asmart.jp",,,,,
_bAV1W,"amazing-plus.solanowa.jp
survey.amazing-plus.jp",,,,,
snnBZB,"www.yanmar.com
18335.yanmar-test.com
www.yanmar.sandbox
*.yanmar-test.com",,,,,
_DHP8A,"stg.cdms.jp
toppan-f-new.tds-id.net
www2.edge.toppan.com
www.edge.toppan.com",,,,,
Fro0xf,"moldino-prd.wovn-proxy.com
www.moldino.com
moldino.com
review2.cmsod.jp",,,,,
RF-tlz,"www.nisiki-kai.com
www.makeshop.jp",,,,,
PwXaOG,"stg-corporate.minna-no-ginko.com
corporate.minna-no-ginko.com
stg-www.minna-no-ginko.com
stg-baas.minna-no-ginko.com
www.minna-no-ginko.com
baas.minna-no-ginko.com
contact.minna-no-ginko.com",,,,,
5LB7RG,"my.kyuden.co.jp
my-qview.kyuden.co.jp",,,,,
f1IRL-,"www.gmo-pg.com
pgwebwwwagip.japaneast.cloudapp.azure.com",,,,,
n_hiDd,"www.tobu.saiseikai.or.jp
stg.tobu.saiseikai.or.jp",,,,,
3L7xFp,"testco1.euglena.jp
www.euglena.jp
163.49.60.41
renew-stg-www.euglena.jp
renew-www.euglena.jp",,,,,
YgEpp6,"infinity-r.jp
preview.infinity-r.jp",,,,,
2IL21g,"ec.shonan-ipark.com
www.makeshop.jp
shonanhealthinnovationpark.onelogin.com
shonanhealthinnovationpark.roomlead.com",,,,,
6yEZpX,kaminashi.jp,,,,,
k_J880,kaminashi.jp,,,,,
AQ9REp,suntorygroup.sharepoint.com,,,,,
r_JiX5,www.hillscard.com,,,,,
CNIymX,jfeengcojp.sharepoint.com,,,,,
DqNuvl,"survey.smarthr.plus
*.survey.smarthr.plus
maizo-staging.meyasu-staging.aoyagi.farm
meyasu.meyasu-staging.aoyagi.farm
*.meyasu-staging.aoyagi.farm",,,,,
fXmEAS,"www.enoteca.co.jp
ec-stg.store.enoteca.co.jp
ec-dev.store.enoteca.co.jp
login-dev.store.enoteca.co.jp
enoteca.cayenne-dev.com
enoteca-corporate.cayenne.co.jp
enoteca.jp
13.78.8.148
www.enoteca.jp
203.180.101.100
enoteca.co.j",,,,,
i0DnqV,wf.shonin-time.jp,,,,,
11hH5V,www.dev-v2.netbk.co.jp,,,,,
ffAKTd,"www.hiap.co.jp
stg.job-gear.net",,,,,
xz7v3H,"enjoy-osaka-kyoto-kobe.com
dev.enjoy-osaka-kyoto-kobe.com",,,,,
_d5i4n,"www.nhdm.jp
sub-hansen.nhdm.jp",,,,,
OJDllD,kaminashi.jp,,,,,
73_ik3,"kaminashi.jp
report.kaminashi.com",,,,,
txWRKc,kaminashi.jp,,,,,
IobBrT,"y-staging.ecomic-app.com
y.ecomic-app.com",,,,,
vb_PTS,jinji-portal.ict.jfe-eng.co.jp,,,,,
flqeLE,www.ompu.ac.jp,,,,,
OwA8Yz,www.omp.ac.jp,,,,,
2NI19I,"kaminashi.jp
report.kaminashi.com",,,,,
QmV7Xn,"kaminashi.jp
report.kaminashi.com",,,,,
cCvtdd,"neobank.dev-v1.netbk.co.jp
neobank.dev-v2.netbk.co.jp
dev-ex-trade.netbk.co.jp
neobank.netbk.co.jp",,,,,
4EYDPA,"diggle-stg.net
*.diggle-stg.net
*.loopback.jp",,,,,
CMoFtQ,"nidec-promotional-portal.azurewebsites.net
www.nidec-machinetool.com
nidec-customer-portal-dev-wovntest.azurewebsites.net
wdev.nidec-machinetool.com
diascope.nidec-machinetool.com
nidec-customer-portal-dev-wovntest2.azurewebsites.net
po",,,,,
QXxlBE,"sotetsu--dev1.sandbox.my.site.com
sotetsu.my.site.com
sotetsu--st.sandbox.my.site.com",,,,,
TC0tNv,"nextfunds-test2.kabumap.tokyo
nextfunds.jp
cms-nextfunds.qri.jp
cms-nextfunds-test.kabumap.tokyo
nextfunds-test.kabumap.tokyo",,,,,
uQhyjH,"global.yamaha-motor.com
testup-wovn.b31web.com
testup-global.ymsl.co.jp
preview-global.ymsl.co.jp
testup-global.b31web.com
dev-global.b31web.com",,,,,
GvW3BA,"analytics.staff-start.com
test-analytics.staff-start.com
dev-brand-analytics.staff-start.com
dev-internal-brand-analytics.staff-start.com
staging-analytics.staff-start.com
wovnlocalhostest.com
www.staff-start.com
www.v-standard.com",,,,,
8UgUDF,baycrews.jp,,,,,
IfWqqZ,"diggle.jp
*.diggle.jp
*.loopback.jp
*.diggle-stg.net
*.local.diggle.bar
*.*.diggle.wine
*.experimental.diggle.bar",,,,,
7-S6-u,ec.surfsnow.jp,,,,,
YNQ8LP,"wb.sysewel.jp
spw.sysewel.jp
www.welbox.com
www.smart-welbox.com",,,,,
K_8WSH,"kaminashi.jp
report.kaminashi.com",,,,,
AIJ3en,"kaminashi.jp
report.kaminashi.com",,,,,
S-Ebwn,"kaminashi.jp
report.kaminashi.com",,,,,
pH0xrE,"kaminashi.jp
report.kaminashi.com",,,,,
Egu6BJ,"kaminashi.jp
report.kaminashi.com",,,,,
WTOpqR,"meyasu.meyasu-staging.aoyagi.farm
*.meyasu-staging.aoyagi.farm
maizo-staging.meyasu-staging.aoyagi.farm
*.survey.namero.systems",,,,,
XOd85r,"psv101.jp.co.square-enix.com
psv901.jp.co.square-enix.com",,,,,
46IzS5,aams.world,,,,,
xf9SKv,,,,,,
mMJkRB,"cms.daifuku.tech
www.daifuku.com",,,,,
ReF9jL,"development-ap01-felissimocorporation.demandware.net
staging-ap01-felissimocorporation.demandware.net
production-ap01-felissimocorporation.demandware.net
spro.felissimo.co.jp
www.felissimo.co.jp
stg.felissimo.co.jp
sdev.felissimo.co.jp",,,,,
jGOL3x,"pia-live.jp
dev.pia-live.jp
player.dev.pia-live.jp
purchase.dev.pia-live.jp
player.pia-live.jp
purchase.pia-live.jp
api.dev.pia-live.jp
api.pia-live.jp",,,,,
QLeFbd,"www.sbpayment.jp
sbps.dev.coosy.com
test.sbpayment.jp",,,,,
2IBCSx,"ticket.miraikan.jst.go.jp
ticket-stg.miraikan.jst.go.jp",,,,,
_TDcKI,stg101.humanage.co.jp,,,,,
hQw-Sj,"kaminashi.jp
report.kaminashi.com",,,,,
Z3n9Gm,higashihiroshima.service-now.com,,,,,
MMhB5-,"agc-world
agcworld-agcgr.msappproxy.net
appproxyagcworld2-agcgr.msappproxy.net
10.52.27.12
agc-world-dev2
agc-world-dev",,,,,
h3wear,www.fably.jp,,,,,
bjjVne,"kital-japanese.myshopify.com
orangebook-digest.com",,,,,
vaL7dV,"www.tokyo-gas.co.jp
www-azure-dev.tokyo-gas.co.jp",,,,,
L-xh-3,"stg-corp.air-closet.com
corp.air-closet.com",,,,,
2FMJPs,"kaminashi.jp
report.kaminashi.com",,,,,
uoZFuI,kaminashi.jp,,,,,
jSZMil,"kaminashi.jp
report.kaminashi.com",,,,,
SHaa31,"www.sbpayment.co.jp
test.sbpayment.co.jp
sbpscorp.dev.coosy.com",,,,,
oiJqD7,"home.tokyo-gas.co.jp
support.tokyo-gas.co.jp
apply.tokyo-gas.co.jp
e-com.tokyo-gas.co.jp
www-azure-dev.tokyo-gas.co.jp
www.tokyo-gas.co.jp
reception.tokyo-gas.co.jp
reception-stg.tokyo-gas.co.jp
khsn.tokyo-gas.co.jp
khsn-stg.to",,,,,
uK9gle,"kaminashi.jp
report.kaminashi.com",,,,,
1pDpj4,"kaminashi.jp
report.kaminashi.com",,,,,
xgpzIQ,"www.welbox.com
wb.sysewel.jp
spw.sysewel.jp
www.smart-welbox.com",,,,,
cDzW1O,"www.c-canvas.jp
cms.sysewel.jp",,,,,
lkGUWN,"wp.food-and-life.co.jp
wovn-test-wp.food-and-life.co.jp
food-and-life.co.jp
d1s2dyujil5qr0.cloudfront.net
www.food-and-life.co.jp",,,,,
BPxw2o,"stg.aitravel.jp
aitravel.jp",,,,,
3uyUfF,"kaminashi.jp
report.kaminashi.com",,,,,
qtrUXV,"kaminashi.jp
report.kaminashi.com",,,,,
7Ud7FX,"xgalx.com
prior.xgalx.com
xgalxcontact-webform-dev.avex.jp
xgalxcontact-webform.avex.jp
pre.xgalx.com",,,,,
RIQyT5,"pre.paradoxlive.jp
paradoxlive.jp",,,,,
iVueLj,"marufukuro.com
test-marufukuro.demo-page.jp",,,,,
HVYg_G,wf.shonin-time.jp,,,,,
W5MR26,aft-carbon.com,,,,,
zdYmsT,"ptw.inc
www.ptw.inc",,,,,
Cy7Fri,"kaminashi.jp
report.kaminashi.com",,,,,
TFozaH,support.shirofune.com,,,,,
cxnD5Y,"www.hoyu.com
test-hoyucom.hoyu-gb.com
stage.hoyu.com
test-hoyucom.pj.conextivo.co.jp
dev-hoyucom.pj.conextivo.co.jp",,,,,
E8Zo52,"kaminashi.jp
report.kaminashi.com",,,,,
yo5Dw5,"kaminashi.jp
report.kaminashi.com",,,,,
P6mOev,"www.welbox.com
wb.sysewel.jp
spw.sysewel.jp
www.smart-welbox.com
account.wel-up.com
wstg-f-welup-web-ase01.azurewebsites.net
wdev-f-welup-web-ase01.azurewebsites.net",,,,,
XgKeZb,"pre.ninja-project.jp
ninja-project.jp
www.ninja-project.jp",,,,,
xIxPIl,"mulpaydocsprd.powercms.hosting
docs.mul-pay.jp
docs.smbc-gp.co.jp",,,,,
F3WHMX,"kaminashi.jp
report.kaminashi.com",,,,,
qpBPZ9,"wovn1.somali.dev.hrbrain.dev
localhost:3000
localhost:4000
localhost:3400
localhost:3501
localhost:4200
localhost:4600
localhost:4501
localhost:8080
localhost:4101
*.evaluation.dev.hrbrain.dev
*.bengal.dev.hrbrain.dev",,,,,
Scnpi-,"www.shop.chanson.co.jp
chanson-online-shop.info",,,,,
XgL1Oe,"jsmarket.shop18.makeshop.jp
www.makeshop.jp
jmp.mse-cloud.jp
jmp.dev-mse-cloud.jp
jmp-po.biprogy.com",,,,,
7U5Jnx,"fds.or.jp
fdsorjp.comitia.com",,,,,
s8voqs,"crosset.onward.co.jp
crost-ef.pre.f-ace.info
crost-ef.its.f-ace.info
127.0.0.1",,,,,
Jlamml,"tamashii-nation.tamashii.jp
dev-tamashii-nation.tamashii.jp
stg-tamashii-nation.tamashii.jp
localhost",,,,,
V2Re6p,"close.www.square-enix.com
www.square-enix.com",,,,,
aTKjhC,admissions.apu.ac.jp,,,,,
OPJOTE,staging-webview.ourapi.net,,,,,
5k4kKX,"ultra.tamashii.jp
www.tyl.co.jp
cinema.tamashii.jp
ultra.tamashiiweb.com",,,,,
UIJmef,"stage.cbpaas.com
marlmarlmocks.azurewebsites.net
marlmarl-member-stage.azurewebsites.net
member.marlmarl.com
www.marlmarl.com",,,,,
1P476Z,www.phd.inc,,,,,
yBE6Ny,"www.trusco.co.jp
hpcms.trusco.co.jp",,,,,
ZatfSE,"cloud.staffexpress.jp
wovn.staffexpress.jp",,,,,
iCeqYu,"dev-www.anypass.jp
stg-www.anypass.jp/",,,,,
4Ef2h5,"dev-www.anypass.jp
stg-www.anypass.jp
faq.anypass.jp
www.anypass.jp
anypass.jp",,,,,
bW-2Z4,brain-heart.resv.jp,,,,,
g2zazG,"sekitori.jp
member.stg.sekitori.jp
cms.stg.sekitori.jp
wovn-test.stg.sekitori.jp
member-5th.stg.sekitori.jp
smartbus-mtfuji.stg.sekitori.jp
smartbus.stg.sekitori.jp
smartbus-mtfuji.sekitori.jp
smartbus.sekitori.jp
smartbus-5th.",,,,,
WaORZM,"tsuruha-hd.co.jp
holdings-web-git-develop-tsuruha-hd.vercel.app
holdings-web-psi.vercel.app
holdings-web-git-feature-shimizu-wizlab-tsuruha-hd.vercel.app
www.tsuruha-hd.com
holdings-web-git-main-tsuruha-hd.vercel.app
www.tsuruha-hd.co.j",,,,,
983u6c,"sakurazaka46.com
preview.sakurazaka46.com",,,,,
U-i2FF,"wildside-online.com
wildside-online.jp
stg.wildside-online.com
stg.wildside-online.jp",,,,,
-k4F7Y,"www.yoshidakaban.com
stage.wspt.jp
yoshidakaban-prd.wovn-proxy.com",,,,,
_lPVpY,"keytech.ntt-at.co.jp
staging-keytech.at-official.ict-24cloud.com
staging-keytech-com.at-official.ict-24cloud.com
keytech.ntt-at.com",,,,,
of0zip,"stg-store.anypass.jp
store.anypass.jp
dev-store.anypass.jp",,,,,
4_56Rv,"kaminashi.jp
report.kaminashi.com",,,,,
ehU2ZG,aams.world,,,,,
6dVOua,"www.teikyo-u.ac.jp
staging.teikyo-u.ac.jp",,,,,
P7DLuV,"humanmade.jp
stg-humanmade.myshopify.com
*.shopifypreview.com",,,,,
BuTy4v,"fr2-dev.myshopify.com
ceno-jp.myshopify.com
ceno.jp
fr2.tokyo",,,,,
wAk_ps,"hr06031s.seiko-cybertime.jp
hr05030c.seiko-cybertime.jp",,,,,
wSYasG,"avex-pictures.co.jp
stg.avex-pictures.co.jp
dev-avex-pictures.avex.work
pictures01-webform.avex.jp
pictures02-webform.avex.jp
pictures03-webform.avex.jp
pictures04-webform.avex.jp
pictures01-webform-dev.avex.jp
pictures02-webform-",,,,,
4_qD2I,"nrs.solanowa.jp
nrs.ps.solanowa.com
nrs.corporate.solanowa.com",,,,,
h1wMMi,"kaminashi.jp
report.kaminashi.com",,,,,
mfMMEc,"kaminashi.jp
report.kaminashi.com",,,,,
0sRRLL,en.apu.ac.jp,,,,,
OEeom5,"service.ptw.inc
www.service.ptw.inc",,,,,
U94JiT,aams.world,,,,,
g063OM,"corp.netprotections.com
test-corp.np-atobarai.info
st-corp.np-atobarai.info",,,,,
kD_9Xy,"inquiry.daifuku.com
area31.smp.ne.jp",,,,,
zrHtkV,"kaminashi.jp
report.kaminashi.com",,,,,
E70RVW,".soshikizu.smarthr.plus.wovn
*.soshikizu.smarthr.plus
amida-staging.aoyagi.farm
*.amida-staging.aoyagi.farm",,,,,
APziA-,"amida-staging.aoyagi.farm
*.amida-staging.aoyagi.farm
amida-dev.soshikizu.namero.systems
custom.widget.local",,,,,
yVs5HJ,"ads.smartnews.com
ads.stg.smartnews.com
ads-admin.stg.smartnews.com
www.smartnews-ads.com
adslp-jp.smartnews.com
adsgo-jp.smartnews.com
adslp-jp-sandbox.smartnews.com
adsgo-sandox-jp.smartnews.com
ads-admin.smartnews.com",,,,,
QCLo_v,"etonet.etoile.co.jp
stg-etonet.ek-enet-dev.com
etonet.etoile.co.jp
test-etonet.ek-enet-dev.com
dev-etonet.ek-enet-dev.com",,,,,
-d7579,"www.hinatazaka46.com
smccms.jp",,,,,
7HVu10,waseda-writing-center.resv.jp,,,,,
MOwCzp,"haw1012ulfdc.smartrelease.jp
www.medius.co.jp",,,,,
T7Piv1,"job-gear.net
stg.job-gear.net",,,,,
bRl5a5,www.waida.co.jp,,,,,
k12QNH,"stg-cs.wingarc.com
cs.wingarc.com",,,,,
2CJMNN,"test-preview.matsui.net
matsui.net",,,,,
6giBH4,"ochiairo.co.jp
dev.ochiairo.co.jp
www.ochiairo.co.jp",,,,,
4p90BR,www.malymoon-costume.com,,,,,
UsYLTf,"braze-docs-en-git-wovnpoc-braze.vercel.app
www.braze.com",,,,,
AWjYcY,www.mec-r.com,,,,,
jmZKEE,"www.shimadzu.com
iwgp03.b2.shimadzu.co.jp",,,,,
Z5PcCO,"palette.alpha-create.ne.jp
10.227.9.15",,,,,
llkkAu,"www.ippuukishi.co.jp
watchnian.com",,,,,
TNqerQ,"notahotel.com
dev-nah-about--feature-wovn-a69105jw.web.app
localhost
dev-nah-about--refs-pull-1015-merge-3abqjoad.web.app
dev-nah-about--refs-pull-965-merge-ex16u2rm.web.app",,,,,
YULhLn,"jp.marugame.com
marugame.test.4dd.jp
marugame-dev.wovn-proxy.com
test.jp.marugame.com
marugame-prd.wovn-proxy.com
marugame.com
www.marugame.com
stores.marugame.com
stores-test.marugame.com
marugame-store-prd.wovn-proxy.com
s",,,,,
O07dT8,www.mecsumai.com,,,,,
jYzZsZ,"kaminashi.jp
report.kaminashi.com",,,,,
rLnLsS,"kaminashi.jp
report.kaminashi.com",,,,,
klUFIg,"pdshotels.com
pds-hotels.essentialsinc.com
dev-pdshotels.demo-page.jp",,,,,
CzR6Kh,"themarkgrand.com
www.themarkgrandhotel.grow-staging.com",,,,,
QstjaV,"www.toridoll.com
test.toridoll.com
dev.toridoll.com
toridoll-corp11-prd.wovn-proxy.com
test-corp.toridoll.com
toridoll-git-feature-1209update-tridoll.vercel.app
toridoll.com
jp.toridoll.com
drrbezqo204wu.cloudfront.net
pre-corp",,,,,
Goi-Q0,,,,,,
CT_p5T,"preopen.mec.co.jp
preview.mec.co.jp
www.mec.co.jp",,,,,
5_td02,"kaminashi.jp
report.kaminashi.com",,,,,
Meybw5,"initial.inc
staging.initial.inc",,,,,
flHpZY,soumu-portal.ict.jfe-eng.co.jp,,,,,
I75Il6,"kaminashi.jp
report.kaminashi.com",,,,,
p7b1A0,"www.toyoshima.co.jp
toyoshima.spd-inc.jp",,,,,
onxStA,"www.roomie.jp
dev.roomie.jp",,,,,
uHuLqS,"www.mediagene.co.jp
mediagene.non-standard.world",,,,,
DVz1qm,"www.mashingup.jp
stg.mashingup.jp
dev.mashingup.jp",,,,,
9YX4nR,"tokyotower.red-brand.jp
*.preview.getshifter.io
ticket.red-brand.jp
*.ticket.teg.systems
9yx4nr.wovn-demo-proxy.com",,,,,
FoR9wY,aimerfeel.com,,,,,
6cH6dg,"test10.matsui.co.jp
test9.matsui.co.jp
www.matsui.co.jp
test.matsui.co.jp
test1.matsui.co.jp
test2.matsui.co.jp
test3.matsui.co.jp
test4.matsui.co.jp
test5.matsui.co.jp
test7.matsui.co.jp
test8.matsui.co.jp
test11.matsui.",,,,,
buoJCH,"kaminashi.jp
report.kaminashi.com",,,,,
xk_Ow6,"kaminashi.jp
report.kaminashi.com",,,,,
u0z7S5,"epsstg01.eposcard.co.jp
www.eposcard.co.jp
epsstg20.eposcard.co.jp",,,,,
jty3fK,"asia.cypochi.com
asia-u.ac.jp
www.asia-u.ac.jp",,,,,
29Htjg,test-web.l-tike.com,,,,,
3jVmY8,linkers.net,,,,,
Wkz2vD,"holdings.macnica.co.jp
pre.macnica.co.jp
www.macnica.co.jp
dev2-holdings.macnica.co.jp
stg-holdings.macnica.co.jp
prd-holdings.macnica.co.jp",,,,,
uF2eOv,"www.tokyo-masahisa.co.jp
www.makeshop.jp",,,,,
f1UYp9,www.irisoele.com,,,,,
KWCS97,linkers.net,,,,,
8JC11U,www.hioki.com,,,,,
NAxN4x,"am-bition.jp
www.am-bition.jp
stag.rs.am-bition.jp
rs.am-bition.jp
testing.rs.am-bition.jp",,,,,
GOFEJH,"web-gastou.jp
d1sx4a5wev5973.cloudfront.net",,,,,
aqjMKh,"phdiscover.jp
chk-phd.cambria.ac
www.grad.hokudai.ac.jp",,,,,
FoFjvv,"www.nomurakougei.co.jp
nomura.unit-xdu.tokyo
nomura-prod.unit-xdu.tokyo
develop.d3kpwedofg2pjd.amplifyapp.com
test.nomurakougei.co.jp
prd-t-elb-ext-web-01-1490075697.ap-northeast-1.elb.amazonaws.com",,,,,
I3wS6H,"test.bandainamco-am.co.jp
bandainamco-am.co.jp",,,,,
Ec8rcP,"contval.jiu.ac.jp
www.jiu.ac.jp
jiu-prd.wovn-proxy.com",,,,,
sYsZvJ,visit-abashiri.jp,,,,,
eFmt4x,"gate.tottokun.com
leo.tottokun.com
gorilla.tottokun.com
watami.tottokun.com
chimney-gate.tottokun.com
stg-pm-sun.idea-tools.link
sun.tottokun.com
stg-pm-gate.idea-tools.link
stg-pm-kddi.idea-tools.link
stg-pm-watami.idea-tools.",,,,,
sjg59F,ken-worknotice.resv.jp,,,,,
HxG5Qc,www.hioki.com,,,,,
5DTMeR,"mashingup-prd.wovn-proxy.com
mashingup.org.s3-website-ap-northeast-1.amazonaws.com
preview-mashinguporgmain13172.gtsb.io
mashingup.org",,,,,
h4iOSY,"dev.infobahngroup.co.jp
corporate.mediagene.co.jp",,,,,
Wk9AD4,"kaminashi.jp
report.kaminashi.com",,,,,
gxAeXU,"dev2.onboard-next.com
stg.onboard-next.com
ap.onboard-next.com
dev.onboard-next.com",,,,,
XBaQhS,"shop-madisonblue.net
www.makeshop.jp
makeshop.jp",,,,,
KeBmmp,cabourn.jp,,,,,
JolsQs,"biz.komehyo-auction.com
deal.komehyo-auction.com
spicefactory.xsrv.jp
deal-staging.komehyo-auction.com
test.biz.komehyo-auction.com",,,,,
FHvb9J,"evaluation.smarthr.plus
*.evaluation.smarthr.plus
*.utsuwa-staging.aoyagi.farm
*.utsuwa.namero.systems
*.utsuwa-development.aoyagi.farm
utsuwa-performance-dev.utsuwa-staging.aoyagi.farm",,,,,
Kz9S8l,"test.njs.jp
61.202.245.27
www.njs.co.jp
lab09.swcms.net",,,,,
zfCGDz,"jp-digitalcatalog-test.icata.net
jp.digitalcatalog.idec.com
cn.digitalcatalog.idec.com
ap.digitalcatalog.idec.com
us.digitalcatalog.idec.com",,,,,
7GoXTe,"dxteen.com
stg-dxteen.plusmember.jp",,,,,
HQjKWx,"testtk3.takarabelmont.co.jp
www.takarabelmont.co.jp
www.takarabelmont.com
test.takarabelmont.com
takarabelmont.com
test2.takarabelmont.com",,,,,
MTsnsu,"www-stg.apiste-global.com
www.apiste-global.com",,,,,
TPP4jC,"isseymiyake-com.myshopify.com
staging-isseymiyake-com.myshopify.com
*.shopifypreview.com
www.isseymiyake.com
resv.isseymiyake.com
www.resv.isseymiyake.com
www.resv-stg.isseymiyake.com",,,,,
M9M4FY,"test.duty-free-japan.jp
duty-free-japan.jp",,,,,
dnWoNs,"www.kai-group.com
www.stg.site.kai-group.com",,,,,
33A8MM,"line-app.line.work
front.line.work
line-app.100ka100jiu.com",,,,,
1T7ztl,100ka100jiu.com,,,,,
0WmXvt,"new-test-tokyo.sodai-web.jp
www2.sodai-web.jp",,,,,
6dqcZI,"new-test-tokyo.sodai-web.jp
www2.sodai-web.jp",,,,,
1xK43I,"new-test-tokyo.sodai-web.jp
www2.sodai-web.jp",,,,,
O_PlC4,"new-test-tokyo.sodai-web.jp
www2.sodai-web.jp",,,,,
cNgdxv,"ziplus.jp
ziplus.amites.work
do-live.amites.work
amites.work
gaimen.amites.work
118.238.236.138",,,,,
Y6WNXG,"kaminashi.jp
report.kaminashi.com",,,,,
JwlNQY,www.g-craft.com,,,,,
5UxEWk,"www.royalparkhotels.co.jp
stg.royalparkhotels.co.jp
www.srph.co.jp
stg.srph.co.jp",,,,,
J8f6qF,"kaminashi.jp
report.kaminashi.com",,,,,
AuFPPU,"lp.livingpass.goodrooms.jp
en.lp.livingpass.goodrooms.jp
ko.lp.livingpass.goodrooms.jp
zh-CHT.lp.livingpass.goodrooms.jp",,,,,
i-Sde0,kaminashi.jp,,,,,
XlaXsC,"chuo.kcho.jp
haw1022y9mkm.smartrelease.jp",,,,,
kJgleT,livingpass.goodrooms.jp,,,,,
d6o66O,"kaminashi.jp
report.kaminashi.com",,,,,
0Q-Vg8,help-ads.smartnews.com,,,,,
ph42da,"www.hillsticket.lab-mori-dev2.com
www.hills-ticket.com
www.stg1-hills-ticket.com
www.stg2-hills-ticket.com
www.stg3-hills-ticket.com
www.hillsticket.lab-mori-dev.com
www.hillsticket.lab-mori-dev3.com",,,,,
sFslQe,"stg1.residents.mori.co.jp
residents.mori.co.jp
stg2.residents.mori.co.jp
stg3.residents.mori.co.jp
local.resident-mori-lab.com
dev.resident-mori-lab.com
stg-smiles.moriliving.com
smiles.moriliving.com",,,,,
KaM5sz,"dev.toyotsu-faces.jp
toyotsu-faces.jp",,,,,
M1EjCJ,"kaminashi.jp
report.kaminashi.com",,,,,
p3gYBC,"kaminashi.jp
report.kaminashi.com",,,,,
kV2M8D,onopharma365.sharepoint.com,,,,,
ydRT_V,"www.asahi-kasei-plastics.com
dev.asahi-kasei-plastics.com
localhost:8080",,,,,
AoUr4m,"app.portrich.com
portrich.com
staging.app.portrich.com",,,,,
2I9fcH,www.jpf.co.jp,,,,,
3J0EHY,"www.paradoxlive-dopepoint.jp
demo.paradoxlive-dopepoint.com
stg.paradoxlive-dopepoint.com",,,,,
qqNQZK,www.labs-ace.com,,,,,
G0HeQx,recruiting.globis.co.jp,,,,,
zaP1tf,hakusan-mfg.co.jp,,,,,
znFa38,"marugotopavilion.pref.tokushima.lg.jp
test-marugotopavilion.pref.tokushima.lg.jp
tokushima-pavilion.wan55test.com",,,,,
S2awbs,"allied-pro-ec.shop
www.makeshop.jp",,,,,
6E9I--,"xfolio-dev.tokyo-cdn.com
xfolio-hanahana.lu-dc.com
xfolio.jp
www.dicca.org
www.xfolio-kamima.com
xfolio-test.tokyo-cdn.com
www.emo-tive.art
www.baji-six9.com
www.soedaippei.jp
www.saoty.info
www.kimoibutao.com
www.kon555.",,,,,
Xfu2el,"www.urawa-reds.co.jp
devwww.urawa-reds.co.jp",,,,,
Nx9bka,"prior.mfg-anime.com
mfg-anime.com",,,,,
Cam8xY,"wwwnarifuricom.ecbeing.biz
www.narifuri.com",,,,,
3sg4qZ,"www.kuraka.co.jp
test.kuraka.co.jp",,,,,
41qNER,thebasics.studio.site,,,,,
CHvifP,"office.mec.co.jp
mec-front.krelia-works.org
stg.office.mec.co.jp",,,,,
GPqFA_,onopharma365.sharepoint.com,,,,,
p9aCmO,onopharma365.sharepoint.com,,,,,
qPF5yY,"kaminashi.jp
report.kaminashi.com",,,,,
mx_P52,"www.textile-net.jp
contents.textile-net.jp
aboutus.textile-net.jp
search.textile-net.jp",,,,,
nsqyJi,www.topy.co.jp,,,,,
NRJs8e,"krk.zyyx.jp
www.krk.co.jp
aa134ixnep.smartrelease.jp",,,,,
zsw4mb,"stage-www.jcom.co.jp
www.jcom.co.jp",,,,,
J4uMY7,"stg.daiichisankyo-hc.co.jp
www.daiichisankyo-hc.co.jp
test-www.daiichisankyo-hc.co.jp",,,,,
7G7Ws3,"job-gear.net
stg.job-gear.net",,,,,
r5AJlZ,tb-m.com,,,,,
OCT2uk,"nomlog.rdy.jp
www.nomlog.nomurakougei.co.jp",,,,,
igW3et,"globaldev.akademeia21.com
adcglobal.cozy.ws
global.akademeia21.com",,,,,
vm59XY,"test2303-jrcnet-cojp.check-xbiz.jp
www.jrcnet.co.jp",,,,,
A06OL8,"wwwca4lacom.ecbeing.biz
www.ca4la.com",,,,,
xO5aeH,"kaminashi.jp
report.kaminashi.com",,,,,
hkzlIO,"kaminashi.jp
report.kaminashi.com",,,,,
jaP5EG,"www.cscloud.co.jp
csc.stg-envi.com
cloud-fastener.com
stg-cloudfastener-staging.kinsta.cloud
stg.www.cscloud.whitehackercloud.com",,,,,
VLCCO8,"southwestgrand.com
dev-southwestgrand.demo-page.jp",,,,,
zJwEDl,"www.oia.hokudai.ac.jp
futuregrad.oia.hokudai.ac.jp
160.16.137.151",,,,,
GnZZaA,"sanki.kuraka.co.jp
sanki-test.kuraka.co.jp",,,,,
LN37RR,"ini-official.com
stg-produce101s2.plusmember.jp
cf.ini-official.com",,,,,
S9-2gr,"jo1.jp
stg-produce101.emtg.xyz
cloud.jo1.jp",,,,,
3X77By,"kaminashi.jp
report.kaminashi.com",,,,,
YA21Yz,"uoc.world
uocdev.dcity.jp
uoc.cgsolutions.jp",,,,,
f990mI,"storefront.aeonmobile.jp
storefront-stg.aeonmobile.jp",,,,,
PbfkVQ,"aeonmobile.jp
mypage-stg.aeonmobile.jp
stg.aeonmobile.jp",,,,,
ScoAzg,avex-youth.com,,,,,
-qHVIW,"localhost
ytas-dev.obc-service.biz
ytas-demo.obc-service.biz
ytas.obc-service.biz
ytas2309.azurewebsites.net",,,,,
eWhnvY,"dev-news.panasonic.com
news.panasonic.com",,,,,
pUuRzA,www.nikkan.co.jp,,,,,
Cb3iiT,"stg.kashiwanoha-smartcity.com
www.kashiwanoha-smartcity.com",,,,,
rv7u6M,"kaminashi.jp
report.kaminashi.com",,,,,
9X-W8f,"kaminashi.jp
report.kaminashi.com",,,,,
b99JxN,"kaminashi.jp
report.kaminashi.com",,,,,
X5k5tX,"stg-livingculture.lixil.com
livingculture.lixil.com",,,,,
fw2xSj,"www.fujiyamaconnect.jp
www.training.fujiyamaconnect.jp
www.stage.fujiyamaconnect.jp
fujiyamaconnect.tayori.com",,,,,
mqIVPn,wg.intra.proterial.com,,,,,
oVBLDx,"sompo-journal.jba-ts4.com
sompojournal.com",,,,,
JtBq50,"kai.family
dev.kai.family",,,,,
PAoe2D,shimadzugroup.sharepoint.com,,,,,
IH1Xyi,"lapone.jp
stg-lapone.plusmember.jp
dev-lapone.plusmember.jp
cf.lapone.jp",,,,,
pp9LQf,"stg-inbound.icotto.jp
stg.icotto-jp.com
inbound.icotto.jp
icotto-jp.com",,,,,
jW6M0O,expenses.jinjer.biz,,,,,
ZrdA1M,employee.jinjer.biz,,,,,
MQvYBk,"www.yokogawa.com
fe.ia.yc3.yokocms.com",,,,,
49wDpk,daifuku.sharepoint.com,,,,,
zRMOlH,"203.69.248.109
www.tpisoftware.com
www.tpisoftwaretest.com
docs.tpisoftware.com",,,,,
H5ztsG,"job-gear.net
stg.job-gear.net",,,,,
OmmEIH,www.celestinehotels.jp,,,,,
OHbx0Z,"kaminashi.jp
report.kaminashi.com",,,,,
RmfFZ5,kaminashi.jp,,,,,
hEOa9a,kaminashi.jp,,,,,
MGVZA0,orangebook-digest.com,,,,,
gcmxMk,onenabtesco.com,,,,,
s3NRMl,ebmc.jp,,,,,
1LU2O_,heiwajimaonsen-bus.resv.jp,,,,,
m5JCLU,"www.tanabeconsulting-group.com
www.tanabeconsulting.co.jp
stg.tanabeconsulting-group.com
stg.tanabeconsulting.co.jp
d1w24rwb28l6ne.cloudfront.net
consulting-dev-s3-web.s3-website-ap-northeast-1.amazonaws.com",,,,,
wnqog1,"www.yokogawa.com
fe.ia.yc3.yokocms.com",,,,,
Ab-7su,"pds-demo.bit2s.com
pdsg.co.jp
dev.pdsg.co.jp",,,,,
6phruS,www.rapture.cc,,,,,
7UBZfe,"test-org.gst.artiencegroup.com
org.gst.artiencegroup.com
test.gst.artiencegroup.com
www.artiencegroup.com",,,,,
V-iEvC,"kaminashi.jp
report.kaminashi.com",,,,,
dnzHZ3,geidai.bunsei.ac.jp,,,,,
QWoXTN,"gs2-tlog-web-dev.genbastar.jp
gs2-tlog-web-main.genbastar.jp
gs2-tlog-web-staging.genbastar.jp",,,,,
386UeK,"www.daily.co.jp
qa.daily.co.jp
qa2.daily.co.jp
develop.daily.co.jp
local.daily.co.jp",,,,,
2VdSaU,"test.symbiopharma.com
www.symbiopharma.com",,,,,
xi6LPj,"www.sej.co.jp
www-stg-sej.7andy.biz
sustainability.sej.co.jp",,,,,
QAPLwU,"global-kyocera.ux-tam.work
global.kyocera.com
kcgl-tool.kcweb-cms.com
kcgl-tool-dev.kcweb-cms.com
stg-global.kyocera.com
tool-global.kyocera.com
stg-tool-global.kyocera.com",,,,,
W7vLIf,"www.nissin-tw.com
new-www.nissin-tw.com",,,,,
pW5d9r,"meo-stg.ranktoolap.com
192.168.11.4
meo.ranktoolap.com
meo-stg2.ranktoolap.com",,,,,
sXi0h_,kaminashi.jp,,,,,
sgwakV,"id.hhcross.hankyu-hanshin.jp
api-dev.id.itec-hh.net
api-stg.id.itec-hh.net
api-stg.id.itec-hh.net:9443
id.hhcross.hankyu-hanshin.co.jp:9443
hhcross.hankyu-hanshin.jp
www.hhcross.hankyu-hanshin.jp
stg.hhcross.hankyu-hanshin.jp",,,,,
5WPFev,"naqt-vane.com
prior.naqt-vane.com",,,,,
bhriU8,"zimpstage.wpengine.com
zimperium.com
www.zimperium.com",,,,,
H8fM50,"yokohama.service-now.com
kosodatekyoten.city.yokohama.lg.jp",,,,,
L7EASw,"web-origin.itoki-web.net
www.itoki-web.net
www.itoki.jp
dev.itoki-web.net
dev-origin.itoki-web.net
waf-test.itoki-web.net",,,,,
N9En0v,"ec1.u365.jp
192.168.1.191
st1.u365.jp
210.236.253.158
Portal.u.365.jp",,,,,
XaKgW7,"www.infragistics.com
staging.infragistics.com
jp.infragistics.com
ko.infragistics.com
es.infragistics.com
jp-staging.infragistics.com
jpwovn.infragistics.com
jpwovn-staging.infragistics.com
es-staging.infragistics.com
ko-stagin",,,,,
QYYCql,"www.hhq.suzuki.co.jp
smcsv606141.hhq.suzuki.co.jp",,,,,
cw2bvZ,service.clipline.com,,,,,
7IIEAF,"www.lumine.ne.jp
stage.lumine.ne.jp
apr.lumine.ne.jp
cp.lumine.ne.jp
7iieaf.wovn-demo-proxy.com
january.lumine.ne.jp
july.lumine.ne.jp
renew.lumine.ne.jp",,,,,
L8VzSY,"app.nstock.com
app.nstock.dev
dev.localhost
*.dmdf66yjnowsr.amplifyapp.com",,,,,
aYG0LW,"seculio.com
staging.seculio.com
teal-hopeful-likely.ngrok-free.app
itg.seculio.com",,,,,
zQndKr,"sdgs.hokudai.ac.jp
stage-sdgs.sustainability.hokudai.ac.jp",,,,,
JOxhiQ,"www.jal.co.jp
prod-t.jal.co.jp",,,,,
NOZJXW,"www.slingshotapp.io
wp-staging.slingshotapp.io
wovn.slinshotapp.io",,,,,
qRZjTV,"2swgpuz3o1.execute-api.ap-northeast-1.amazonaws.com
sccu-eu.yamaha-motorcycle-connect.com
sccu-stg.yamaha-motorcycle-connect.com
qrzjtv.wovn-demo-proxy.com
sccutest.ymcapps.net
yamaha-motorcycle-connect.com
sccu-oneapp-dev.yamaha-motorc",,,,,
sy06g7,"travel.jr-central.co.jp
stg.travel.jr-central.co.jp",,,,,
PvTtwV,"arbaito.skylark.co.jp
stg.hitomgr.jp",,,,,
AoU5JN,"fuk-omutsu.com
xb311831.xbiz.jp
fuk-omutsu.net
dev.fuk-omutsu.net",,,,,
IaYb-m,"lypo-c.jp
gv25.lypo-c.jp",,,,,
T5FYhy,"www.tv-asahi.co.jp
pwww.tv-asahi.co.jp",,,,,
hNjEpK,"ceesuitepteltd-preprod.outsystemsenterprise.com
platform.rimm.io
uat.rimm.io
ceesuitepteltd-tst.outsystemsenterprise.com",,,,,
Najn__,irori-umeda.resv.jp,,,,,
ksrL40,"osp-renewal2.osptest.jp
www.osp.co.jp",,,,,
SoMOWR,"life-designs.jp
somowr.wovn-demo-proxy.com
dev.life-designs.jp",,,,,
xKcgH8,"alive-web.co.jp
somowr.wovn-demo-proxy.com
alivejp.alpha.alive-web.dev",,,,,
nb5Gwt,"dev2fujisawacity.service-now.com
fujisawacity.service-now.com
fujisawacity-portal.jp",,,,,
djGaCv,www.jrkyushu.co.jp,,,,,
mFLXip,"onlineshop.jcom.co.jp
onlineshop-jcom-co-jp.test-web-pf.work",,,,,
Uiq90l,"www.osaka-bunka.com
oif.xbiz.jp",,,,,
8DiFE0,"komehyo.jp
st.komehyo.jp
st-admin.komehyo.jp
tera-kome20.tera.work",,,,,
DzroWy,"www.corestaff.co.jp
corestaffcojp.ecbeing.biz",,,,,
lBpVEu,"x-y.tokyo
prior.x-y.tokyo",,,,,
547fw7,"yamory.io
docs.yamory.io",,,,,
FZkNJw,"get.kintone.help
d3meevh04ylp5x.cloudfront.net",,,,,
WvgOvr,www.osaka-sandai.ac.jp,,,,,
D3JwAr,"www.rihga.com
rrh-international-dev.100.inc
rrh-international-dev.100inc.net",,,,,
8yB_rx,"mhc365dev.sharepoint.com
mul365.sharepoint.com",,,,,
2stZWK,corp.linkers.net,,,,,
-H6flW,kaminashi.jp,,,,,
VyyJAx,"kaminashi.jp
kaminashi.com",,,,,
Eq6gsf,"kaminashi.jp
kaminashi.com",,,,,
EYYQb4,"kaminashi.jp
kaminashi.com",,,,,
HmMTcS,"kaminashi.jp
kaminashi.com",,,,,
cicu0N,"www.newoman.jp
stage.newoman.jp
apr.newoman.jp
january.newoman.jp
july.newoman.jp
renew.newoman.jp",,,,,
tyeNkl,"eplus.tickets
tst2.eplus.tickets
w1.tst2.eplus.tickets
w2.tst2.eplus.tickets
sp1.tst2.eplus.tickets
sp2.tst2.eplus.tickets
prv.tst2.eplus.tickets
prv-inb.tst2.eplus.tickets
orderhistory.tst2.eplus.tickets
qr.tst2.eplus.tickets",,,,,
7Mr_sC,"www.shinmaywa.co.jp
www.siwp01.shinmaywa.co.jp
cms.shinmaywa.co.jp
dev.shinmaywa.co.jp",,,,,
Vbedne,tanakagroup.sharepoint.com,,,,,
xSP3nH,"100nengo-art-fes.jp
staging.100nengo-art-fes.jp",,,,,
D9L4QS,"mg.withlive-app.com
staging-mg.withlive-app.com",,,,,
OVhkzG,otaku.mantan-web.jp,,,,,
LsjD9m,"www.kankomie.or.jp
lsjd9m.wovn-demo-proxy.com",,,,,
YLYE-y,"20.48.71.154
pre-www.welcome-aeon.com
160.243.22.122
www.welcome-aeon.com",,,,,
0uiSkl,"app.autostream.jp
stg.app.autostream.jp
e2e.app.autostream.jp",,,,,
grvHa0,"www.japan-burari-trip.com
yoyaku.japan-burari-trip.com
dev-yoyaku.japan-burari-trip.com",,,,,
c2hOXn,"www.kokuyo-st.co.jp
auth.kokuyo-st.co.jp",,,,,
z5TP23,"hptest.keikyu-bus.co.jp
www.keikyu-bus.co.jp",,,,,
74drpW,"shibuya-sakura-stage-test.pictona.jp
www.shibuya-sakura-stage.com",,,,,
m6r0EM,"test.act-1.co.jp
www.act-1.co.jp",,,,,
Qz0UnP,"www.morinagamilk.co.jp
stg.morinagamilk.co.jp
stg2.morinagamilk.co.jp",,,,,
gwCxQW,kaminashi.jp,,,,,
Ubfwns,kaminashi.jp,,,,,
-IEE7q,"kaminashi.jp
kaminashi.com",,,,,
zLv6h2,"kaminashi.jp
kaminashi.com",,,,,
71vnem,kaminashi.jp,,,,,
WOLT81,kaminashi.jp,,,,,
kLgXu_,"pre.www.multibook.jp
www.multibook.jp",,,,,
Awl-8V,www.kyo-ondokoro.kyoto,,,,,
DniOJn,"www.revealbi.io
wp-staging.revealbi.io
wovn.revealbi.io",,,,,
l36gM3,"app.yamory.io
app.stg.yamory.io",,,,,
y9-c4N,"www.shinko-keirin.co.jp
keirin.web02.digiplate.net",,,,,
eej_8-,"www.smartsensingexpo.com
smartsensingexpo.com",,,,,
1TkTQd,"www.y-aoyama.jp
stg.y-aoyama.jp
stg3.y-aoyama.jp",,,,,
H1Hl34,"www.toyokitchen.co.jp
test-toyokitchen.essentialsinc.com
test.toyokitchen.co.jp
stg.toyokitchen.co.jp",,,,,
F3R9AK,tepco-dev.dff.jp,,,,,
ym4IH-,"www.beams.co.jp
stgwww.beams.co.jp
stg1.beams.co.jp",,,,,
JQnTjC,"reserve-stg3.accordiagolf.com
www.accordiagolf.com
reserve.accordiagolf.com",,,,,
vFXSrF,"stg-www.hillshouse.jp
www.hillshouse.jp
stg-origin.hillshouse.jp
origin.hillshouse.jp
pre.hillshouse.jp
pre-origin.hillshouse.jp
stg-pre.hillshouse.jp
stg-pre-origin.hillshouse.jp",,,,,
nsfT0G,"www.saisoncard.co.jp
reg18.smp.ne.jp
test.saisoncard.co.jp",,,,,
pFhz-X,www.kanazawa-u.ac.jp,,,,,
1an4WR,"www.azabudai-hills.com
stg-cms.azabudai-hills.com",,,,,
Khgm5x,"www.prometric-jp.com
faq.prometric-jp.com
sni.syncanswer.jp
faq2.prometric-jp.com",,,,,
FDNq-N,"kaminashi.jp
kaminashi.com",,,,,
CF1Cv2,"kaminashi.jp
kaminashi.com",,,,,
NzB9I9,"kaminashi.jp
kaminashi.com",,,,,
3s6GU4,"kaminashi.jp
kaminashi.com",,,,,
yTQe43,"kaminashi.jp
kaminashi.com",,,,,
dZ1kDw,"zerobaseone.jp
cf.zerobaseone.jp
stg-zbone.plusmember.jp",,,,,
B2CyZg,"get.kintone.help
common-wv.kintone.help",,,,,
IWfU70,"www.tokai-denshi.co.jp
transport-safety-platform2.com
ken.develop.transport-safety-platform.com
68kita.staging.transport-safety-platform.com
ttdd.transport-safety-platform.com
tk0047.transport-safety-platform.com
704tra.transport-safety",,,,,
kfPrYJ,www.marunouchi.com,,,,,
X-ZNL1,"sp.universal-music.co.jp
sp.umj-wp-stage.jp",,,,,
xqCqBK,"okinawa-02.maasde-dev.com
okinawacdn.maasde-dev.com
okinawacdn.tis-maas.com
okinawa.maasde-dev.com
okinawa.digitalticket.tis-maas.com",,,,,
J4zb4z,"app-explainablekansei.konicaminolta.com
stg-kansei.bjm-tech.com
dev-kansei.konicaminolta.com",,,,,
K4zR_Y,example.com,,,,,
4LyOtB,"test.nice-net.jp
www.nice-net.jp",,,,,
V8B9XB,nikonglobal.sharepoint.com,,,,,
6zjjoJ,tokyogrown.jp,,,,,
Vbwo6m,"www.shinagawa-mimamori.jp
*.smp.ne.jp",,,,,
Sxf5Y2,www.surtech.jp,,,,,
xtCk-i,"www.low-cf.jp
low-cf.jp
xtck-i.wovn-demo-proxy.com
test-website.jp
test.low-cf.jp",,,,,
0WzDgj,"www.cj-exhibition.com
cj-exhibition.com
0wzdgj.wovn-demo-proxy.com
test-website.jp
www.mfg.cj-exhibition.com
www.wt.cj-exhibition.com
testmfg.cj-exhibition.com
test.cj-exhibition.com
testwt.cj-exhibition.com",,,,,
R0YB6D,"www.interaqua.jp
interaqua.jp
interaqua.id-inst.com",,,,,
Cmu8zs,app.yamory.io,,,,,
Ce3Wke,app.yamory.io,,,,,
bPr1_d,"tokyonode.jp
www.tokyonode.jp
stg1-www.tokyonode.jp
ss-stg.tokyonode.jp",,,,,
BDoJh9,"www.b-en-g.co.jp
www-beng-co-jp.ids.co.jp",,,,,
eEP9du,"www.hitachi.ca
caportal.hitachi.com
hitachi.ca",,,,,
32Gj7k,"www.idemitsu.com
www-dev.idemitsu.com",,,,,
32Dfi7,"apologies.jp
stg-amazarashi.plusmember.jp",,,,,
InPjQc,help.paypay-bank.co.jp,,,,,
QkANoA,"www.waseda.jp
waseda.cinra.net
waseda.local",,,,,
9_Uh_M,"kaminashi.jp
kaminashi.com",,,,,
NxpTJ8,kaminashi.jp,,,,,
6ip7Sp,"kaminashi.jp
kaminashi.com",,,,,
ruGzjk,kaminashi.jp,,,,,
_2B_vT,kaminashi.jp,,,,,
yAqcjE,"kaminashi.jp
kaminashi.com",,,,,
TNEdBK,"preview.therampage-ldh.jp
therampage-ldh.jp",,,,,
HFC3Bk,"cosmos.pro22.net
tsukuba-grandhotel.co.jp
tsukuba-grandhotel.test.pro22.net",,,,,
FCDdg3,toyosu-senkyakubanrai-saiyo.jp,,,,,
6B__Jt,"www.nipponrentacar.co.jp
no1.nipponrentacar.co.jp
store.nipponrentacar.co.jp
no1test.nipponrentacar.co.jp
storetest.nipponrentacar.co.jp
wwwtest.nipponrentacar.co.jp
www2test.nipponrentacar.co.jp
no1test2.nipponrentacar.co.jp",,,,,
2ysceI,"m.school-ec.jp
m.stage.school-ec.jp
www.stage.school-ec.jp
www.school-ec.jp",,,,,
3V9V2V,example.com,,,,,
H7BWQo,"ma2file.lvdev.jp
ma2file.moduleapps.com",,,,,
oOj3qf,explainablekansei.konicaminolta.com,,,,,
REkJ1U,jalcard.jal.co.jp,,,,,
d1Bx8d,"www.jp.visitozu.seki-dev.com
jp.visitozu.com",,,,,
bnEaZT,"www.tomorrowland.co.jp
tomorrowland.co.jp",,,,,
XD7_84,"www.hokkaido-airports.com
stg.hokkaido-airports.com",,,,,
G6_dNx,kaminashi.jp,,,,,
jcihBW,"www.deliv.co.jp
www-deliv-co-jp.sandbox.hs-sites.com",,,,,
7pDVOc,"scg.rtg.jp
t.scg.rtg.jp",,,,,
lzXAcn,"www.johnnys-net.jp
jfc.infraroom.team
familyclub.jp
stage.familyclub.jp
stage.starto.jp
starto.jp",,,,,
3dAJPk,kaminashi.jp,,,,,
dHRdN1,"kaminashi.jp
kaminashi.com",,,,,
9HM5Xu,"kaminashi.jp
kaminashi.com",,,,,
-sywIL,"tempestjapan.com
stg-tempest.plusmember.jp
tempest.plusmember.jp
tempestjapan.com",,,,,
qRQ_wg,"katsuuragyoen.com
test.pas-creation.com",,,,,
c__I6Y,"store-harajuku.universal-music.co.jp
storeharajukuuniversalmusic.umg-wp3-dev.com
storeharajukuumusic.wp3-dev.umg-wp.umgapps.com
storeharajukuumusic.wp3-prod.umg-wp.umgapps.com",,,,,
NwX_m1,"www.universal-music.co.jp
umj.umj-wp-stage.jp
umjlive.umj-wp-uat.jp
umjlive.umj-wp-dev.jp
umj.umj-wp-dev.jp
umj.umj-wp-uat.jp",,,,,
Js7x56,"denken-test.jp
system.denken-test.kariup.com",,,,,
8IP8U_,"www.toshima-kosodate.jp
*.smp.ne.jp",,,,,
3zxOL7,"www.keikyu-exinn.co.jp
www.keikyu-exhotel.jp
org.keikyu-exinn.co.jp
org.keikyu-exhotel.jp",,,,,
zaJuEi,"highchem.co.jp
recruit.highchem.co.jp
test.highchem.co.jp
test-recruit.highchem.co.jp
recruit-highchem.test-develop.site
highchem.test-develop.site
highchem.29server.net",,,,,
-2onnZ,jptraining.resv.jp,,,,,
KR4Zpe,"www.keio.co.jp
stag.keio.co.jp",,,,,
YInGDY,"immersivefort.com
htb2.dev-uat.katana-force.com
stg.immersivefort.com
ticket.immersivefort.com",,,,,
3HHQ58,"parking-reserve.expo2025-dev.com
parking-reserve.expo2025-stg1.com
parking-reserve.expo2025.or.jp
parking-reserve.expo2025-stg.times-info.net
expo2025-dev.etcapp.jp
expo2025.etcapp.jp",,,,,
OxF4IQ,www.daidokogyo-kk.co.jp,,,,,
0Hv2Hd,"stg-session.inspirehigh.com
session.inspirehigh.com",,,,,
Bv7xVC,"kamenoi-hotels.com
kamenoi-hotels.cab-test2.jp
kamenoi-hotels-renewal.cab-test2.jp",,,,,
SA_LL8,"prod-conf.ighd.co.jp
stg-conf.ighd.co.jp
cms-setting.ighd.co.jp
www.ighd.co.jp",,,,,
6QEe_N,en.gundam.info,,,,,
kyOfN0,support.securityscorecard.com,,,,,
NT9ybr,www.ris.ac.jp,,,,,
oZvqtT,"ocps-test.oji-hd.com
oji-commupla.oji-hd.com",,,,,
z20DSw,"stg.tobu.co.jp
z20dsw.wovn-demo-proxy.com
www.tobu.co.jp
stg.tobu.co.jp:8081",,,,,
TQstIg,"www.softbanktech.co.jp
cms-prod.softbanktech.co.jp
web-stg.softbanktech.co.jp
cms-stg.softbanktech.co.jp
web-prod01.softbanktech.co.jp
web-prod02.softbanktech.co.jp
preview-prod.softbanktech.co.jp",,,,,
VxfUrm,"www.jica.go.jp
www2.jica.go.jp",,,,,
HIF0BZ,"kaminashi.jp
kaminashi.com",,,,,
fdvLz4,"kaminashi.jp
kaminashi.com",,,,,
otWmS4,cs-kansei.konicaminolta.com,,,,,
SOarH1,faqjalcard.jal.co.jp,,,,,
Tl1ozR,"dev-saq.azurewebsites.net
dev-saq-afd-ep-consumer-001-e4fsbkgnexa5dfb0.a02.azurefd.net
tmp-saq-afd-ep-consumer-001-g7ezcxg5b6avdygz.a02.azurefd.net
test-saq-afd-ep-consumer-001-drcxame4dedzhqhr.a01.azurefd.net
sl-portal.nikkei-r.co.jp
prd-",,,,,
hbhWGG,"development.newbalance.jp
stgoutlet.newbalance.jp
stgshop.newbalance.jp
staff.newbalance.jp
development.newbalance.jp
staging.newbalance.jp
dev-outlet.newbalance.jp
stg-outlet.newbalance.jp
beta.newbalance.jp
beta-outlet.newbal",,,,,
7V5MZb,"www.edogawa-kosodateomutsu.jp
*.smp.ne.jp",,,,,
8fbjAw,"hotel-liber.jp
stg.hotel-liber.jp",,,,,
vgDRgh,"www.j-oil.com
j-oil.sidethree.info
vgdrgh.wovn-demo-proxy.com",,,,,
FHb4Cg,"www.chukoh.co.jp
www2.chukoh.co.jp
www.chukoh.com",,,,,
94WnL_,"dev-one.nec.com
stage-one.nec.com
stage2-one.nec.com
necintranetdev.prod.acquia-sites.com
necintranetstg2.prod.acquia-sites.com
necintranetstg3.prod.acquia-sites.com
one.nec.com",,,,,
CMOlFv,"www.tuat.ac.jp
wovn-test.office.tuat.ac.jp",,,,,
he_a1r,"toy.bandai.co.jp
stg-toy.bandai.co.jp
dev-toy.bandai.co.jp",,,,,
0JsfI-,"www.jp-bank.japanpost.jp
st-www.jp-bank.japanpost.jp",,,,,
cFnyod,"tomohisayamashita.com
stg-tomohisayamashita.plusmember.jp
tomohisayamashita.plusmember.jp",,,,,
gr7Q3D,"fanystudio.com
fanystudio.testsite.help",,,,,
XNimZY,kaminashi.jp,,,,,
9a6f_2,"kaminashi.jp
kaminashi.com",,,,,
Fi-MC3,"e-trackingsystem.com
e-iotsystem.com
webapp.dev-ytracrev.e-iotsystem.com
webapp-yconnect.dev-ytracrev.e-iotsystem.com
webapp.dev2-ytracrev.e-iotsystem.com
webapp.dev-tracrev.yamaha-motorcycle-connect.com
yamaha-motorcycle-connect.com",,,,,
hKlgXq,www.superhotel-shihainin.jp,,,,,
ccYCZ1,"hi.mu-mo.com
shop-stage.md-sass.jp",,,,,
TkKbmD,"www.stg.takaratomy.co.jp
www.takaratomy.co.jp",,,,,
agL5kO,"fate-go.us
webview.fate-go.us
d14xff4ipsxjia.cloudfront.net
webview-3vwzikit-qa01.fate-go.us",,,,,
fL1JVE,"www.tokyuhotels.co.jp
test-origin.tokyuhotels.co.jp
test.tokyuhotels.co.jp",,,,,
b7LQ8c,"shunkashutou.com
dev.shunkashutou.com
pardot.shunkashutou.com
pardot.dev.shunkashutou.com",,,,,
Osz4Wp,"cinema.109cinemas.net
stg2-cinema.109cinemas.net
10.55.8.108",,,,,
fTL-Nt,"maas-portal.com
stg.mx1.maas-portal.com",,,,,
6v2-Om,"app.staging-hubble-docs.com
app.hubble-docs.com
app.dev-hubble-docs.com
localhost:4200
localhost
4442-dot-hubble-dev-app.uc.r.appspot.com
4443-dot-hubble-dev-app.uc.r.appspot.com",,,,,
CxuILR,gigako-esim.com,,,,,
EKon3b,"www.osp-holdings.co.jp
holdings.osptest.jp",,,,,
KviuY-,mori-hospitality.shapplix.com,,,,,
Xyt4LS,"www.laqua.jp
stg.laqua.jp",,,,,
619OFM,"at-raku.com
dev2.at-raku.xyz
dev3.at-raku.xyz
www.at-raku.com",,,,,
_qxon6,"report.kaminashi.com
kaminashi.com
kaminashi.jp",,,,,
Umh0cF,"kaminashi.jp
kaminashi.com",,,,,
AwPyGW,www.jrhtb.hotelokura.co.jp,,,,,
oAGSXa,"test.shutsugan.ucaro.jp
stg.shutsugan.ucaro.jp
test.kessai.ucaro.jp
test.account.ucaro.jp
127.0.0.1
stg.account.ucaro.jp
stg.kessai.ucaro.jp
prod.shutsugan.ucaro.jp
prod.kessai.ucaro.jp
prod.account.ucaro.jp",,,,,
D2OZRo,airrsv.net,,,,,
vMDmb5,"preview.mystardom.wwr-stardom.com
mystardom.wwr-stardom.com",,,,,
MeGEf_,kaminashi.jp,,,,,
lzvZAb,report.kaminashi.com,,,,,
ObXUnn,"report.kaminashi.com
kaminashi.com",,,,,
YYXcVx,"octpath-official.com
stg-octpath.emtg.xyz",,,,,
9R94gZ,"sakanaction.jp
dev-sakanaction.emtg.xyz
stg-sakanaction.emtg.xyz",,,,,
Yf0iMW,"hypster-fc.com
dev-fc.hypnosismic.emtg.xyz
stg-fc.hypnosismic.emtg.xyz",,,,,
HqHrIt,"yorushika.com
sp.yorushika.com
stg-sp.yorushika.emtg.xyz
stg-yorushika.emtg.xyz",,,,,
-El7c9,www1.globalrelocation.jp,,,,,
uYr2QZ,"preview.nexz-official.com
fc.nexz-official.com
m.nexz-official.com
preview.fc.nexz-official.com
preview.m.nexz-official.com
nexz-official.com",,,,,
QzVuM4,vixion.jp,,,,,
79xexX,"stg-produce101thegirls.plusmember.jp
me-i.jp
cf.me-i.jp",,,,,
xEi59G,"www.shiseido.co.jp
test.www.shiseido.co.jp
test5.www.shiseido.co.jp",,,,,
1TZkuf,yusukewovngh01.neocities.org,,,,,
Y81iZ9,www.weekly-monthly.net,,,,,
9_FonO,example.com,,,,,
eARr4H,"optimism.rakuten.co.jp
optimism.cenfy.com
op-rakuten-lp-front.kayac.cc
rakutenop.prev02.cenfy.com",,,,,
siddG5,optimism.rakuten.net,,,,,
I7-X81,"hotel-monday.com
ai105njpxc.smartrelease.jp
ai109w8ya7.smartrelease.jp",,,,,
cVREAB,"www.bumpofchicken.com
dev2-bethere.bumpofchicken.com
dev-bethere.bumpofchicken.com
stg-bethere.bumpofchicken.com",,,,,
1oh_MV,"appbuilder.dev
staging.appbuilder.dev
www.appbuilder.dev",,,,,
1ixKI5,"www.jal.co.jp
prod-t.jal.co.jp",,,,,
kKQKIQ,"www.aoyama.ac.jp
stg.aoyama.2xx.jp",,,,,
A9-GRY,"www.kansai-maas.jp
kansaimaas.localhost
www.test1.kansai-maas.jp
www.stg.kansai-maas.jp
app.test1.kansai-maas.jp
app.stg.kansai-maas.jp
app.kansai-maas.jp",,,,,
WLd1qz,"www.global.dnp
www-origin-staging.global.dnp
global.cbn-develop.com",,,,,
x8WmiI,"ontrip.jal.co.jp
www.jal.co.jp
stg-ontrip-jal.platisher.jp",,,,,
E70iS0,"laponegirls.jp
stg-laponegirls.plusmember.jp
dev-laponegirls.plusmember.jp",,,,,
TpZEYs,"www.resol-hotel.jp
staging.resol-hotel.jp",,,,,
pjL94L,"www.yanmarmarche.com
stg-marche.yanmar-test.com
stg2-marche.yanmar-test.com",,,,,
Eb8W-0,www.yourcellar.jp,,,,,
vUR0pJ,"www.okamura.com
vur0pj.wovn-demo-proxy.com
okamura-dev-65.adobecqms.net
okamura-stage-65.adobecqms.net",,,,,
rYqew7,"sfc.jp
stg1.sfc.jp",,,,,
SkCyTy,"www.mitsui-high-tec.com
form.movabletype.net
mitsui.movabletype.io
example.com",,,,,
cmQ8pH,"www.kirishima.co.jp
staging.kirishima.co.jp",,,,,
x9HEme,"kaminashi.jp
kaminashi.com",,,,,
VzuJmz,kaminashi.jp,,,,,
fI_0FG,"yamamotosayaka.jp
dev-fcsyc.emtg.xyz
stg-fcsyc.emtg.xyz",,,,,
_8NmuD,"naomiwatanabe-fc.com
stg-naomiwatanabe.plusmember.jp",,,,,
EOHVmU,"www.uverworld.jp
stg-uverworld.plusmember.jp",,,,,
Q5pzaN,"higedan.com
fc.higedan.com
stg-higedan.plusmember.jp
stg-fc.higedan.emtg.xyz
higedan.plusmember.jp
event.higedan.com",,,,,
tAjAct,products.sanyodenki.com,,,,,
WsmE5h,techcompass.sanyodenki.com,,,,,
i0bZ1X,sugi-bee.com,,,,,
J3ad_X,www.0038.co.jp,,,,,
aHHstu,"f90.dora-world.com
f90-dev.dora-world.com",,,,,
RF6iaH,"mrsgreenapple.com
stg-mga.plusmember.jp
dev-mga2.plusmember.jp",,,,,
hDJteD,dock2085.tanaka.co.jp,,,,,
n8ZUo5,report.kaminashi.com,,,,,
ouqf16,kaminashi.jp,,,,,
F6_G9Z,"prior.wolfhowlharmony.jp
wolfhowlharmony.jp",,,,,
oAc0_y,"stg-issue.plusmember.jp
is-sue.jp
cf.is-sue.jp",,,,,
ew7fQq,"uchino.shop
uchnostg-ef.its.f-ace.jp
ew7fqq.wovn-demo-proxy.com",,,,,
os_90A,"www.tsurubymarikooikawa.jp
www.makeshop.jp
tsurubymarikooikawa.jp",,,,,
xH5Wgx,"www.tdk.com
www-stage.tdk.com.cn
www-stage.tdk.com",,,,,
LEKISd,"arne.media
arne-media.web-sample.org",,,,,
0veNju,"prior.oneoreight.com
oneoreight.com",,,,,
KU6cVk,"idlms.dymxn.com
prior.idlms.com
idlms.com",,,,,
xn_PlT,"1peta.net
www.morimoto-real.co.jp
morimoto-real.co.jp",,,,,
5Vxkzs,"www.misterdonut.jp
01-misterdonut.digital-marketing.dev
02-misterdonut.digital-marketing.dev
03-misterdonut.digital-marketing.dev
04-misterdonut.digital-marketing.dev
05-misterdonut.digital-marketing.dev
06-misterdonut.digital-marketing",,,,,
S_MzJf,"bs.benefit-one.inc
auth.benefit-one.inc
stg.auth.benefit-one.inc
tst.auth.benefit-one.inc
bs.tst.benefit-one.inc
bs.st.benefit-one.inc
life.bs.st.benefit-one.inc
stay.bs.st.benefit-one.inc
mypage.bs.st.benefit-one.inc
life.bs.t",,,,,
G53na3,"anri.vc
anri-git-feature-135-wovn-anri-team.vercel.app",,,,,
4J48c4,"mentrecording.jp
pre.mentrecording.jp",,,,,
EgUnQ6,"qa.47trip.com
egunq6.wovn-demo-proxy.com
www.47trip.com",,,,,
fkLg2M,"dev.asp.doco-open2.jp
mobileinnovation.linkeeth.ntt.com
mobileinnovation.linkeeth.test.asp.doco-open2.jp
mobileinnovation.docosys.dev.asp.doco-open2.jp
mobileinnovation.linkeeth.stg.asp.doco-open2.jp
asp-dev-docosys-static-content-37332401",,,,,
wucW0J,,,,,,
1nRQ38,"cmsdev.chino.co.jp
chino.co.jp
service.chino.co.jp
www.chino.co.jp",,,,,
mRqbuS,"kana-pro.com
demo-service.ebisumart.com",,,,,
T8PCR7,"www.quil-fait-bon.com
ri27un.quil-fait-bon.com",,,,,
A5coJw,"mars09.mars.kanazawa-it.ac.jp
mars09-test.mars.kanazawa-it.ac.jp
mars41.mars.kanazawa-it.ac.jp
mars41-test.mars.kanazawa-it.ac.jp",,,,,
zHjFZr,"stg.mjd.co.jp
www.mjd.co.jp",,,,,
smmbYz,yamashiro.biz,,,,,
bR1EMP,"www.hankyu.co.jp
develop-rail.hankyu.co.jp
rail.hankyu.co.jp",,,,,
xwZVrS,dmf-info.com,,,,,
aIFm8k,"form.universal-music.co.jp
stg-form.universal-music.co.jp
d1x0mvpl2hcp0m.cloudfront.net
dlwxsu9ubc1pj.cloudfront.net
d153s2ixu550dp.cloudfront.net
d1ka2p8doh7tn3.cloudfront.net
d1q5gdxtno5b9b.cloudfront.net
d2sxq3mf9c4qyw.cloudfront.",,,,,
lAI_yM,wf.shonin-time.jp,,,,,
MRmqTI,"product2409om.azurewebsites.net
product2409ef.azurewebsites.net
product2409hcm.azurewebsites.net
id-dev.obc.jp
ef-dev.obc.jp
hm-dev.obc.jp
id-demo.obc.jp
ef-demo.obc.jp
hm-demo.obc.jp
id.obc.jp
ef.obc.jp
hm.obc.jp",,,,,
lWWUYk,www.almado.co.jp,,,,,
zyC8xl,"www.club-t.com
tour.club-t.com
stg-new-www.club-t.com
front-test2.club-t.com",,,,,
X_yYyy,"wwwmng.soka.ac.jp
www.soka.ac.jp
d3u629v56mfdt8.cloudfront.net",,,,,
2ATvhU,"takaratomy2.terra-engine.com
www.takaratomy.co.jp",,,,,
VuRBGV,wovn.io,,,,,
fWDIi1,wovn.io,,,,,
EA2R1k,"pre.a-nation.net
a-nation.net",,,,,
9zOYzg,"www.risefor-career.com
wovn.risefor-career.com",,,,,
RBgcVG,"www.family.co.jp
fmlaai11.family.co.jp",,,,,
BrI1wp,"sdev25.beachdev.jp
support.beach.jp
sp.beachdev.jp
sp.beach.jp
www.beach.jp
support2.beach.jp",,,,,
X72akp,wovn.io,,,,,
U3Rs1i,report.kaminashi.com,,,,,
rnN9KV,sekisuiplastics.sharepoint.com,,,,,
LqSRDz,sekisuiplastics.sharepoint.com,,,,,
n8ZUo5,kaminashi.jp,,,,,
T2yn6O,"novelbright.jp
stg-novelbright.plusmember.jp",,,,,
2IzK0A,"fujimotorsportsforest.jp
en.fujimotorsportsforest.jp
zh-chs.fujimotorsportsforest.jp
zh-cht.fujimotorsportsforest.jp
ko.fujimotorsportsforest.jp",,,,,
hgveeL,"www.incentive-plus.com
iplus.sysewel.jp",,,,,
8ui4FS,www.kogakuin.ac.jp,,,,,
A2V-tY,shop.chacott.co.jp,,,,,
NloJiY,"onefukuokahotel.jp
test.onefukuokahotel.jp",,,,,
J7OEn1,"report.kaminashi.com
kaminashi.com",,,,,
rP5tA0,"report.kaminashi.com
kaminashi.com",,,,,
MZWwGQ,"report.kaminashi.com
kaminashi.com",,,,,
VR0m52,"report.kaminashi.com
kaminashi.com",,,,,
jU0OM_,"report.kaminashi.com
kaminashi.com",,,,,
K7IbBk,"report.kaminashi.com
kaminashi.com",,,,,
yXjlaZ,report.kaminashi.com,,,,,
9ll0ef,"report.kaminashi.com
kaminashi.com",,,,,
Y-w2j9,"report.kaminashi.com
kaminashi.com",,,,,
J_9tsl,"www.dnp.co.jp
dnp.cbn-develop.com
www-origin-staging.dnp.co.jp",,,,,
FZWgDh,"www.chacott-jp.com
test.chacott-jp.com",,,,,
c4B6bM,"recruit.plandosee.co.jp
recruit-dev.plandosee.co.jp
recruit-plandosee-wp.essentialsinc.com",,,,,
TyTQpH,"www.sumitomo-chem.co.jp
www.dev1.sumitomo-chem.co.jp
demo-sumitomo.sky-inet.com",,,,,
LSwzIg,"static.mobility-operation-info.emetro-app.osakametro.co.jp
static.service-information-dev-osakametro.com
127.0.0.1
10.192.129.180
www.e-ticket-dev.osakametro.co.jp
www.e-ticket-stg.osakametro.co.jp
www.e-ticket.osakametro.co.jp",,,,,
pp9LCO,"ntt-us.com
www.ntt-us.com",,,,,
G4oomC,"wovn.io
app.wovn.io",,,,,
BhSe4h,"asukaluxury.asukacruise.co.jp
a-times.undefinedcode.com",,,,,
_31pJm,"10.55.24.61
10.55.173.70",,,,,
0-aFgF,"mirarth.co.jp
test.mirarth.co.jp
mirarth.sidethree.online
prod-prev.mirarth.co.jp",,,,,
xxELHh,"10.55.1.31
10.55.14.9
10.55.12.1
10.55.12.2",,,,,
KYfC9S,"172.19.3.197
10.53.1.100
10.53.1.101
172.19.3.196",,,,,
goHpv6,"10.58.0.70
10.58.0.55
10.58.0.94
10.58.0.95
10.58.0.96
10.58.0.97
10.55.51.23",,,,,
-ETLju,"10.58.0.53
10.58.0.51",,,,,
8v5IJi,asahig.sharepoint.com,,,,,
8ciN6_,"asahighdev4.service-now.com
asahighproddev2.service-now.com
asahighproddev1.service-now.com
cocokara.service-now.com",,,,,
VD6wfT,"product2409om.azurewebsites.net
id-dev.obc.jp
ef-dev.obc.jp
hm-dev.obc.jp
id-demo.obc.jp
ef-demo.obc.jp
hm-demo.obc.jp
id.obc.jp
ef.obc.jp
hm.obc.jp
localhost
2503wbtest4om.azurewebsites.net
2503hr32003iom.azurewebsite",,,,,
cdAqD-,wovn.io,,,,,
tVO7kr,"newcarttest.shop-pro.jp
otthi-test.shop-pro.jp",,,,,
cYRZQq,"izameshi.com
dev.izameshi.com",,,,,
EzFyZa,"www.baycurrent.co.jp
133.159.73.211
210.149.70.197",,,,,
gwCAyZ,seculio.com,,,,,
-Z98AY,"sp-edge.com
yqqqphhcg2hvaaua-staging001.pj-initial.net
yqqqphhcg2hvaaua-test001.pj-initial.net",,,,,
Y_V8AL,yusukewovngh01.neocities.org,,,,,
VV6xW1,stationai.commmune.com,,,,,
3VF5pp,www.somic-group.co.jp,,,,,
nEKSnC,www.cuc.ac.jp,,,,,
MFLNkA,"dora-world.com
dev.dora-world.com",,,,,
Yu0-vy,meiho-est.com,,,,,
ksRacm,"ybht.co.jp
test.ybht.co.jp",,,,,
qkd1lQ,"stg.inaba-denko.com
www.inaba-denko.com",,,,,
hz_Oy9,"tes.bandainamco.co.jp
www.bandainamco.co.jp",,,,,
dX9IjP,oaktest.bn-synergy.net,,,,,
MRKgtE,gikenseisakusyo.sharepoint.com,,,,,
ZQoKwj,"www.jaldfs.co.jp
stg.jaldfs.co.jp",,,,,
LqSgz7,www.pacific.co.jp,,,,,
7PMjU9,"preview.tokyolights-ticket.jp
tokyolights-ticket.jp",,,,,
LKuBzH,"ai1263zmus.smartrelease.jp
mobile.rakuten.co.jp
mobile.mic-box.com",,,,,
A2hHmC,rs.hankyu-travel.com,,,,,
67ddsS,www.somic.co.jp,,,,,
3waezj,www.somic-advance.co.jp,,,,,
GNudNp,www.somic-transformation.co.jp,,,,,
hGUTDx,"www.asukacruise.co.jp
stg.asukacruise.co.jp",,,,,
V_yKJ9,dev-layout-designer.apps-fracta-leap.com,,,,,
FgSUV1,"kegs.kokusai-electric.com
kecs.kokusai-electric.com
gemi2.kad.local
www.kokusai-electric.com
kokusaielectric.sharepoint.com",,,,,
_VVAsN,"www.xperisus.com
xperisus.com",,,,,
mVxYum,"www.aimyong.net
sp.aimyong.net
stg-sp.aimyong.emtg.xyz
stg-aimyong.emtg.xyz
aimyong.net",,,,,
QiN-np,ebidan.jp,,,,,
8NdC96,"asp-japan.tokyo
prior.asp-japan.tokyo",,,,,
tDFjOC,vendome.jp,,,,,
SP-d2c,customer.kyuden.co.jp,,,,,
3cpkqj,"products.bandogrp.com
dev-cms.bandogrp.com
cms-product.bandogrp.com",,,,,
DKK1bh,"store.tsite.jp
stg.store.tsite.jp",,,,,
bapehr,www.nazuna.co,,,,,
av4gxc,"s2.club-stg.seibugroup.jp
club.localhost
dev-gootbox-spc.sakura.ne.jp
coupon.popinfo.jp
inapp.popinfo.jp
club-stg.seibugroup.jp
club.seibugroup.jp",,,,,
J-RDx8,"coupon.popinfo.jp
inapp.popinfo.jp
app.wovn.io",,,,,
ABrvXf,seibuidportal-stg.seibugroup.jp,,,,,
xbw47w,"developer.sbpayment.jp
sbps-developer-dev.nfeed.co.jp",,,,,
waF5XN,"www.tglobe.net
preview.tglobe.net",,,,,
Aiij3-,"happo-en.com
hek5bnsdcvth5gj3.wevies.net",,,,,
RfQ_-Y,"www.imhds.co.jp
imhds.demo2020.d-zero.com",,,,,
EIyxhr,"dev.d1oymo68lxar6e.amplifyapp.com
*.d1oymo68lxar6e.amplifyapp.com",,,,,
La52WO,www.waseda.jp,,,,,
M4qVDB,"livingspace.dnp.co.jp
livingspace-staging.dnp.co.jp
livingspace.cbn-develop.com",,,,,
deCl52,"www.bleague.jp
copy-bleague.kuroco-dev.jp",,,,,
hUx1nB,"www.takanawagateway-lish.com
stg.takanawagateway-lish.com
takanawagateway-lish.stitch.co.jp",,,,,
a9mrr8,wawa.iii-oec.co.jp,,,,,
fLFeWT,"triceratops.shapplix.com
nxgroup.shapplix.com",,,,,
lLt47G,"gala.co.jp
hektkatt.main.jp",,,,,
nVcoTt,"report.kaminashi.com
kaminashi.com",,,,,
D3sphp,"report.kaminashi.com
kaminashi.com",,,,,
foMrQ8,"report.kaminashi.com
kaminashi.jp",,,,,
_LjeOz,"report.kaminashi.com
kaminashi.jp",,,,,
1RUavz,"kaminashi.jp
kaminashi.com",,,,,
-Wcqvs,example.com,,,,,
CdV1qV,"g2-admin.groobee.io
app.groobee.io
admin.groobee.io
refactoring-dev1.groobee.io
refactoring-dev3.groobee.io",,,,,
wMxbGr,"www.imase-official.com
stg-imase.plusmember.jp",,,,,
UktznM,www.kagome.co.jp,,,,,
4WMgKn,"www2.kawai.co.jp
testwww2.kawai.co.jp",,,,,
QaG7MU,"kaminashi.jp
kaminashi.com",,,,,
Ew9sjr,"kaminashi.jp
kaminashi.com",,,,,
XoT57i,"kaminashi.jp
kaminashi.com",,,,,
m6X8U6,"kaminashi.jp
kaminashi.com",,,,,
EHE_Rm,"kaminashi.jp
kaminashi.com",,,,,
jcb5qG,"kaminashi.jp
kaminashi.com",,,,,
X_p-qI,"kaminashi.jp
kaminashi.com",,,,,
uSV6yN,"kaminashi.jp
kaminashi.com",,,,,
12r_jb,"kaminashi.jp
kaminashi.com",,,,,
cIveWv,"kaminashi.jp
kaminashi.com",,,,,
UP4OrU,"kaminashi.jp
kaminashi.com",,,,,
hruacp,"kaminashi.jp
kaminashi.com",,,,,
kpdwzw,"kaminashi.jp
kaminashi.com",,,,,
VxqSrz,kaminashi.jp,,,,,
nll2Zg,"tower.jp
stg2.tower.jp
stg.tower.jp
stg3.tower.jp",,,,,
LYFycW,"www.kobako.com
dev.kobako.com",,,,,
GcCOtQ,"www.umgb.jp
umgb-japan.wp3-dev.umg-wp.umgapps.com",,,,,
ZJwESN,functional-music.jp,,,,,
OMx4gI,"st.p-bandai.jp
p-bandai.jp",,,,,
KREmXM,www.cic.nomurakougei.co.jp,,,,,
rrbR-K,"www.rd.nomurakougei.co.jp
nomura-rd.unit-xdu.tokyo
rd.nomurakougei.co.jp",,,,,
knxMck,"mars24.mars.kanazawa-it.ac.jp
testap.mars.kanazawa-it.ac.jp",,,,,
EqOjww,"navi.mars.kanazawa-it.ac.jp
testap2.mars.kanazawa-it.ac.jp",,,,,
cj6s9-,"mars21.mars.kanazawa-it.ac.jp
testap.mars.kanazawa-it.ac.jp",,,,,
zPo5i1,"www.fujidream.co.jp
218.223.84.78
218.223.84.62",,,,,
AGWmjV,"www.otemae.ac.jp
wwwdev.otemae.ac.jp
wwwtest.otemae.ac.jp
wwwtest2.otemae.ac.jp",,,,,
M8xGgn,"www.rakuten-card.co.jp
apply.card.rakuten.co.jp
stg.apply.card.rakuten.co.jp
stg-www.rakuten-card.co.jp
teamsite01.r-local.net
kakunin.rakuten.ne.jp
localhost",,,,,
rglwu0,"carryassist-ssniyaku.resv.jp
link.mul-pay.jp",,,,,
1LkdIF,"www.kirishima-kokusai.com
kirishimakokusai.cab-test2.jp",,,,,
61rP0k,"sonia-otaru.com
sonia-otaru.cab-test2.jp",,,,,
26h9oc,"nord-otaru.com
hotelnord.cab-test2.jp",,,,,
Iy_OC5,pigmytest.jpdata.net,,,,,
ZDtM7u,"earthene.com
global.cleandenki.com",,,,,
HFK4WK,stg.aim-kenko.jp,,,,,
AhV1fd,yusukewovngh01.neocities.org,,,,,
bhgKLn,"pakkanproject.jp
stg.pakkanproject.jp",,,,,
0Sqrgr,"tokyu.disclosure.site
stg70.sicms.dff.jp",,,,,
fQRnh8,"www.epsondevice.com
www5-stage.epsondevice.com",,,,,
hnchrr,"esnet.co.jp
www.esnet.co.jp",,,,,
SpL0aC,"benefit-one.inc
mypage.bs.benefit-one.inc
bs.benefit-one.inc
life.bs.benefit-one.inc
stay.bs.benefit-one.inc
shop.bs.benefit-one.inc
bs.st.benefit-one.inc",,,,,
ak8-Y6,bandai-hobby.net,,,,,
ayT9JB,"wovn.io
prd24.hatobus.co.jp
stg24.hatobus.co.jp
www.hatobus.co.jp",,,,,
mxLuV-,"techtimes.dexerials.jp
testtechtimes.dexerials.jp",,,,,
jlf9ON,"www.dexerials.jp
dextest.dexerials.jp",,,,,
5jti84,"www.tepco.co.jp
tepco.lc-design.jp
kensho.tepco.co.jp
d4-www.mcx.z-area.com
d10-www.zcs.z-area.com",,,,,
899wgn,"cac.shapplix.com
giacometti.shapplix.com",,,,,
CGgGUl,"central-fest.com
preview.central-fest.com",,,,,
Dnxvb6,"www.jrk-hotels.co.jp
www.hanabeppu.jp",,,,,
2YF_VE,wovn.io,,,,,
s4fgdi,"staging.kintone.com
www.kintone.com",,,,,
gEvxDw,www.moltonbrown.co.jp,,,,,
L-luxG,"earthene.com
cleandenki.com",,,,,
g7_9JY,"www.takanawagateway-city.com
stg.takanawagateway-city.com
tgcrenew.stitch.co.jp",,,,,
53AbfP,pay.rakuten.co.jp,,,,,
K4C8PI,"hoshinoresorts.com
cp-stg.hoshinoresorts.com
test.hoshinoresorts.com",,,,,
VE8Idr,"static.mul-pay.jp
dev.static.mul-pay.jp",,,,,
23ovFV,"www.hankyu-dept.co.jp
stage.hankyu-dept.co.jp",,,,,
wdo0Ye,"www.hanshin-dept.jp
stage.hanshin-dept.jp",,,,,
VAsVqE,website.hankyu-dept.co.jp,,,,,
ni_q_z,"service.hankyu-dept.co.jp
dev-service.hankyu-dept.co.jp
stage-service.hankyu-dept.co.jp",,,,,
h8jp18,"service.hanshin-dept.jp
dev-service.hanshin-dept.jp
stage-service.hanshin-dept.jp",,,,,
z1-pk2,"web.hh-online.jp
stage.hh-online.jp",,,,,
Ge4pUG,"global.hankyu-hanshin-dept.co.jp
stage.global.hankyu-hanshin-dept.co.jp",,,,,
96E0z3,"endlessmode.jp
demo-endless.ebisumart.com",,,,,
7RCkrh,"www.nagasakistadiumcity.com
test.nagasakistadiumcity.com",,,,,
MIz9WB,"moxymill.com
dev-sevencolors.plusmember.jp
stg-sevencolors.plusmember.jp",,,,,
B69ecW,"phantomsiita.com
stg-phantomsiita.plusmember.jp",,,,,
SHsbFK,rite-expo2025.resv.jp,,,,,
fyZAnn,www.kitami-it.ac.jp,,,,,
fiV2Ck,"gmo-cybersecurity.com
product.gmo-cybersecurity.com
dev2.gmo-cybersecurity.com
stg.net-de-shindan.product.gmo-cybersecurity.com",,,,,
ST39n5,www.advics.co.jp,,,,,
ovPed2,"geo.8984.jp
stage-geo.8984.jp",,,,,
w1nUIO,f.msgs.jp,,,,,
7uDSjM,airrsv.net,,,,,
JaRDN4,www.hyo-med.ac.jp,,,,,
9ikqon,"www.horiba.com
edit.prd.horiba.biz
live.prd.horiba.biz",,,,,
8tZUVo,rekordbox.com,,,,,
M4KSiP,game.criware.jp,,,,,
0yETrg,"d2vl9mra5gv0xi.cloudfront.net
jp.mitsuichemicals.com
d3f1vq6z1sc1x5.cloudfront.net",,,,,
QSXihe,www.vertex-grp.co.jp,,,,,
mXEKzc,"corporate.epson
corporate-stage.epson.biz",,,,,
mt4p7P,"pacificleague.com
dev-www2.pacificleague.com",,,,,
UhSusC,"www.takaratomy.co.jp
mt-stg.stg.takaratomy.co.jp",,,,,
0iO2W3,takaratomymall.jp,,,,,
IweFEh,"store.plusmember.jp
stg-store.plusmember.jp
dev-store.plusmember.jp
dev5-store.plusmember.jp",,,,,
ZrVQCC,store.plusmember.jp,,,,,
3CE1E6,"www.ymobile.jp
dev--ap-northeast-3-www.site-ymobile.net
prd--ap-northeast-3-www.site-ymobile.net
order.ymobile.jp
www-stg.ymobile.jp",,,,,
0orBEz,"www.example.com
admin.club-t.com
stg-new-www.club-t.com",,,,,
kqa42J,"grandhammer.jp
stg-spc.net
shibuya-yokocho.com
kabukihall.com
ryunomiyako.com
xb382556.xbiz.jp",,,,,
3zG4mA,"www.ryowa-online.com
ryowa-stg.unit-xdu.tokyo
localhost.unit-xdu.tokyo",,,,,
rOzjeR,202.214.170.44,,,,,
58WBPi,test-mitsui-shopping-park.com,,,,,
zyLnom,"www.hankyu-travel.com
www-cms.hankyu-travel.com",,,,,
BlMCAo,"traveltojapan.hankyu-travel.com
traveltojapan-dev.hankyu-travel.com
traveltojapan-test-new.hankyu-travel.com
traveltojapan-test.hankyu-travel.com",,,,,
cIV7Vs,"www.tanseisha.co.jp
stg.tanseisha.co.jp",,,,,
8qYsmK,"order.ymobile.jp
ymobile-onlinestore-dev2.site-ymobile.net
online.ymobile.jp
g11.care.ymobile.jp
preview-order.ymobile.jp
ymobile-onlinestore-dev.site-ymobile.net
stg--online.site-ymobile.net
g11.care-stg.ymobile.jp
preview-order-",,,,,
oUbEQL,"kaminashi.jp
kaminashi.com",,,,,
ASTZlB,kaminashi.jp,,,,,
R69Mxo,"kaminashi.jp
kaminashi.com",,,,,
L3QbvQ,"kaminashi.jp
kaminashi.com",,,,,
nMRIP1,"kaminashi.jp
kaminashi.com",,,,,
i0lbAT,"kaminashi.jp
kaminashi.com",,,,,
r1JvcX,"kaminashi.jp
kaminashi.com",,,,,
nwCWY6,"kaminashi.jp
kaminashi.com",,,,,
a6gi9B,"kaminashi.jp
kaminashi.com",,,,,
tNyzMn,"kaminashi.jp
kaminashi.com",,,,,
iRROHm,"www.tadapla.co.jp
www.tadapla.com
tadapla.co.jp",,,,,
Pxf9c-,"one.nec.com
dev-one.nec.com",,,,,
H8Wj2P,"app.wovn.io
st-api21.jp-bank.japanpost.jp
coupon.popinfo.jp
st-direct21.jp-bank.japanpost.jp
www.jp-bank.japanpost.jp
supportbot-admin.userlocal.jp
users.popinfo.jp",,,,,
_8q4CS,azbilgroup.sharepoint.com,,,,,
E3xY-C,"lp.nok.co.jp
products.nokgrp.com",,,,,
URaEdX,"spopita.jp
stg.spopita.jp",,,,,
未作成_a5rRC0000000KZp,,,,,,
uAgor5,expopavilion.lu,,,,,
gAkDkf,"www.mmc-carbide.com
www.exam-khp.cloud.mmc.co.jp",,,,,
nzQXJb,"manabi.dnp.co.jp
manabi-staging.dnp.co.jp
ssl24267.mediagalaxy.ne.jp",,,,,
IM6L4u,cimtops-support.com,,,,,
L0nMv_,"preview.yoasobi-onlinestore.com
yoasobi-onlinestore.com",,,,,
SxpoQ5,www.keikyu.co.jp,,,,,
ZRuMp0,www.kankou-shimane.com,,,,,
yCcNQz,"www.reitaku-u.ac.jp
staging.reitaku-u.ac.jp",,,,,
UFfkeE,"staging.web.joyfull.support
staging.joyfull-weborder.jp
staging.joyfull-qrorder.jp
joyfull-qrorder.quad.co.jp
joyfull.quad.co.jp
127.0.0.1
joyfull-next-dev-msy2qusjaq-an.a.run.app
joyfull-qrorder.jp
joyfull-weborder.jp
joyfull-",,,,,
nN5VhF,polyplastics-inv.resv.jp,,,,,
yEwhPy,"couponbank.relo.jp
t.couponbank.relo.jp",,,,,
dFQnXv,staging.potal-site.komehyo-auction.com,,,,,
tL9Asa,www.kyusan-u.ac.jp,,,,,
Uz6Vfk,www.fukuoka-airport.jp,,,,,
L3tm-O,"test4.fukuri.jp
sptest4.fukuri.jp
ticket.reloclub.jp",,,,,
NeBnRZ,"nerima.bamboo-lab.com
www.neribun.or.jp",,,,,
dLC1Hr,"t.pia.jp
ticket-sale.pia.jp
ticket-lot.pia.jp
ticket-auth.pia.jp
ticket-account.pia.jp
md-sale.pia.jp
md-lot.pia.jp
md-auth.pia.jp
md-account.pia.jp
cloak.pia.jp
e.pia.jp
ticket.pia.jp
sti3-t.pia.jp
sti3-ticket-sale",,,,,
atvnKg,"app.gva-manage.com
ai-con-pro-dev.auth0.com
app.dev.gva-manage.com",,,,,
Ss2ylz,"baggage-deliver-service.jal.co.jp
119.82.26.204
www.jalabc.com",,,,,
dvGZxH,geo.8984.jp,,,,,
6hX3Jg,"app.wovn.io
yapp.li",,,,,
gXUfcl,"www.example.com
dev.tokyo-haneda.com",,,,,
40gNQN,"megulie.co.jp
firedev.symmetric.co.jp",,,,,
HDs8eo,"ib.higobank.co.jp
www3.suitebank3-test.finemax.net
ib-test.higobank.co.jp
www3.suitebank3.finemax.net",,,,,
jui3tF,"kyary.asobisystem.com
kyary.dev8.fanpla.jp",,,,,
lNQTgf,app.wovn.io,,,,,
yJbD_O,"balconyby6th.com
dev-balconyby6th.demo-page.jp",,,,,
未作成_a5rRC0000000ea9,,,,,,
VLclko,"marna.jp
202.32.41.59",,,,,
1oh_MV,,,,,,
tHT-qh,www.daihatsu.com,,,,,
-eZiRb,"www.genki-gdc.co.jp
genki-gdc.g.kuroco-front.app",,,,,
fnBZgz,award.kirin.co.jp,,,,,
2wyk7C,"www.ucaro.net
dev.ucaro-rewrite.net",,,,,
BVSeHX,geek-jack-staging.myshopify.com,,,,,
N-fmDO,close.arai-logi.net,,,,,
aoY1Qk,"global.clubgnu.com
preview.global.clubgnu.com
preview1.smccms.aws.yuu-inc.jp",,,,,
QZtcfD,test-mitsui-shopping-park.com,,,,,
XQai-y,test-mitsui-shopping-park.com,,,,,
k5oIET,"onegate-wovn.y-aoyama.jp
onegate-wovn.pdc.jp",,,,,
4n6TAQ,app.wovn.io,,,,,
rBUoCH,"order.linemo.jp
wing-dev.site-ymobile.net
order.qa-linemo.jp
www.linemo.jp
cms.linemo.jp
order.stg-linemo.jp",,,,,
z8h0GL,"www.fujikura.co.jp
dev-fujikura.jp",,,,,
n1dNJb,"kaminashi.jp
kaminashi.com",,,,,
We8Zn6,"kaminashi.jp
kaminashi.com",,,,,
S2skTp,"kaminashi.jp
kaminashi.com",,,,,
F4rsvj,"kaminashi.jp
kaminashi.com",,,,,
T-7iQw,"kaminashi.jp
kaminashi.com",,,,,
KxgO-4,"kaminashi.jp
kaminashi.com",,,,,
PDmh_A,"kaminashi.jp
kaminashi.com",,,,,
kPaGml,"kaminashi.jp
kaminashi.com",,,,,
7LmTa_,"kaminashi.jp
kaminashi.com",,,,,
tU5C8P,"kaminashi.jp
kaminashi.com",,,,,
jUM8Zl,"www.ntt-f.co.jp
74.176.134.175
www-stgorigin.ntt-f.co.jp",,,,,
VKqnp2,"netorder.mos.co.jp
netorder.mos.jp
netorder-test.mos.co.jp
netorder-it.mos.co.jp",,,,,
未作成_a5rRC0000000nS9,,,,,,
zTvfXQ,"product2409om.azurewebsites.net
localhost
wovnscriptef.azurewebsites.net
wovnscriptom.azurewebsites.net
wovnscripthcm.azurewebsites.net",,,,,
FBkvcJ,www.primoghd.co.jp,,,,,
8l2pgg,"muroran-it.ac.jp
muroran-it.stg.northgraphic.net",,,,,
RnfF5j,"www.bettyroad.co.jp
stg-bettyroad.ecbeing.biz",,,,,
jnLw5j,"www.jackroad.co.jp
stg-jackroad.ecbeing.biz",,,,,
77g78n,hirasaketour.resv.jp,,,,,
SP7kmS,"www.smt-cinema.com
ticket.smt-cinema.com
fep.sps-system.com",,,,,
vtpHwh,www.wismettac-recruit.com,,,,,
b62Fcj,"staging.ninehours.co.jp
ninehours.co.jp",,,,,
zZ52F5,do-c.jp,,,,,
nzFfWL,capsule-plus.jp,,,,,
fl6c5S,well-cabin.jp,,,,,
9fd2hW,smart-place-inn.jp,,,,,
ctLl9h,"network.mobile.rakuten.co.jp
preprod-network.rmb-lab.jp
feature-75.preprod-cms.rmb-lab.jp
localhost",,,,,
SLWKBT,reserve.mobile.rakuten.net,,,,,
bnDHrQ,app.wovn.io,,,,,
ZcXwhT,yusukewovngh01.neocities.org,,,,,
SwfsHm,"fohred.synfoster.hokudai.ac.jp
hu-sentan-web-develop2025.japaneast.cloudapp.azure.com",,,,,
CdkmfS,"brand.somic.inc
dovy917mighx5.cloudfront.net
testbrand1916.somic.inc
dwenudq907q6v.cloudfront.net",,,,,
GTM8WL,"www.ic.tmu.ac.jp
client-8105.jp",,,,,
x3K3CJ,azbilgroup.sharepoint.com,,,,,
JJ624F,hotel-plus-hostel.jp,,,,,
24fesb,"localhost
nonstop.ub-speeda.com
www.ub-speeda.com",,,,,
ofVN0m,"localhost
nonstop.ub-speeda.com
www.ub-speeda.com",,,,,
A6qtey,"localhost
nonstop.ub-speeda.com",,,,,
bTX0e5,"localhost
nonstop.ub-speeda.com",,,,,
Jg5Gs7,"www.suntory-design.com
wwwvrfy.suntory-design.com",,,,,
QZvQz6,example.com,,,,,
3grm3p,"employee.r-payroll.jp
localhost
dev2-pyr-web-cs.pyr.x.recruit.co.jp
dev3-pyr-web-cs.pyr.x.recruit.co.jp",,,,,
LCWGJz,www.hmv.co.jp,,,,,
fJdpCc,"plan.asukacruise.co.jp
asuka-plan.ssites.xyz",,,,,
xbThJT,"www.7-now.jp
127.0.0.1
www4.dev.7-now.jp
map.7-now.jp
www3.stg.7-now.jp",,,,,
eNXbCH,"www.yco.co.jp
ah105o8y2h.smartrelease.jp",,,,,
mCGGCQ,www.dekirukun.co.jp,,,,,
zm7wCF,,,,,,
5q5w6R,"komehyo.jp
st.komehyo.jp",,,,,
b3rjst,"app.gva-manage.com
app.dev.gva-manage.com
app.stg.gva-manage.com",,,,,
ZlrphP,article.murata.com,,,,,
8pxBlF,"jac-skill.or.jp
dev.jac-skill.or.jp
test.jac-skill.or.jp",,,,,
3hvHc9,"ssw.jac-skill.or.jp
test.ssw.jac-skill.or.jp
dev.ssw.jac-skill.or.jp",,,,,
krNFRJ,"global.jac-skill.or.jp
test.global.jac-skill.or.jp
dev.global.jac-skill.or.jp",,,,,
QNsQPb,"nippon.jac-skill.or.jp
test.nippon.jac-skill.or.jp
dev.nippon.jac-skill.or.jp",,,,,
bEgp2o,"kanosuke.com
kanosuke-whisky.myshopify.com",,,,,
dMpPMK,yusukewovngh01.neocities.org,,,,,
未作成_a5rRC0000000x6X,,,,,,
6dzjXq,"www.solution.shokubai.co.jp
dev.solution.shokubai.co.jp",,,,,
ReKpqR,ecc.makitori.jp,,,,,
Jmzjjs,app.wovn.io,,,,,
jcqsdq,"mobi-jp.com
stga.test-mobi-jp.com
deva.test-mobi-jp.com
devb.test-mobi-jp.com
docs.mobi-jp.com
stgc.test-mobi-jp.com",,,,,
sGQcbB,"test.duty-free-japan.jp
duty-free-japan.jp",,,,,
7q76Rt,"savorjapan.com
stg-renewal.savorjapan.com",,,,,
l4KF3X,"www.fujielectric.com
www-t.fujielectric.com",,,,,
ZM7m3d,converse.co.jp,,,,,
FZTNNj,"asano-metal.com
ah119jjwn6.smartrelease.jp",,,,,
MJD6g5,karte.digital-marketing.dev,,,,,
NkJ3dd,be-global.oia.hokudai.ac.jp,,,,,
H8x26k,"www.jhs.ac.jp
dev.jhs.ac.jp",,,,,
43cXm6,www.apiste.co.jp,,,,,
3DdmQC,"www.exabeam.com
exabeamnewstg.wpengine.com
exabeamnewdev.wpengine.com",,,,,
gdQKx3,"www.yamanashi-eiwa.ac.jp
eiwa.web-dev4.y-nmc.jp",,,,,
fFWVl6,"jns-e.com
stg.jns-e.com",,,,,
K6w8TJ,life.a01.aoyama.ac.jp,,,,,
LV4WLx,research.a01.aoyama.ac.jp,,,,,
2gg7cT,agu-news.a01.aoyama.ac.jp,,,,,
lCNqXT,www.exedy.com,,,,,
BgWStt,"www.asnova.co.jp
asnova.shiftkey.jp",,,,,
FnKV6Q,www.mystays.com,,,,,
LKmpjq,www.kunitachi.ac.jp,,,,,
7KCCK7,www.gundam.info,,,,,
Z8wlPC,www.kyoto-seika.ac.jp,,,,,
fJXJr2,"kaminashi.jp
kaminashi.com",,,,,
hcc8BL,kaminashi.jp,,,,,
WgnNzG,"kaminashi.jp
kaminashi.com",,,,,
nNRrHR,"kaminashi.jp
kaminashi.com",,,,,
FjXxkF,"kaminashi.jp
kaminashi.com",,,,,
Ljm2Wv,kaminashi.jp,,,,,
JwsRrD,kaminashi.jp,,,,,
nrWmrM,kaminashi.jp,,,,,
BPlh9s,kaminashi.jp,,,,,
Ncxv9d,kaminashi.jp,,,,,
s2BKTk,kaminashi.jp,,,,,
rC2Lk6,kaminashi.jp,,,,,
CBdcD3,kaminashi.jp,,,,,
mfcgtn,kaminashi.jp,,,,,
CJCbcP,kaminashi.jp,,,,,
DTk4Nz,www.hmv.co.jp,,,,,
NXRZxN,"langcode.contentdata.co.jp
stg-auth-hub01.uniikey-cloud.com",,,,,
pZtfq8,www.tohoku-gakuin.ac.jp,,,,,
wLWDWT,jcg.co.jp,,,,,
Lg3Z8s,aisuitcase.resv.jp,,,,,
VDz7d4,murataglobal.sharepoint.com,,,,,
TkcHGz,tt-net.tsubakimoto.co.jp,,,,,
U4LuMS,"www.kansai-maas.jp
www.stg.kansai-maas.jp
www.dev.kansai-maas.jp
www.test1.kansai-maas.jp",,,,,
xKxPzM,search.takaratomy.co.jp,,,,,
gpKvTm,"irago-ocean-resort.com
new-irago-ocean-resort.cab-test2.jp",,,,,
c9QdpH,www.arai-logi.net,,,,,
t5V9zs,"app.wovn.io
web.bfa-dev.bluefrontshibaura.com",,,,,
4wGh64,"app.wovn.io
club-stg.seibugroup.jp
coupon.popinfo.jp
inapp.popinfo.jp",,,,,
MWhMh6,"www.marunouchi-hotel.co.jp
stg.marunouchi-hotel.co.jp",,,,,
HT49xt,"theubufuruishigaki.com
ishigaki-resort.grow-staging.com",,,,,
6vT28G,cookpit.jp,,,,,
5v4l6k,cookpit-dashi.myshopify.com,,,,,
Tg6jJ8,www.1101.com,,,,,
qLLVCB,biz.q-pass.jp,,,,,
6NH2c6,"loof-inn.com
akagi-shuku.com
loof-camp.com
test.loof-inn.com",,,,,
GHM8N2,"www.tokyo-solamachi.jp
www.tokyo-mizumachi.jp",,,,,
wfQ2V9,www.musashi.ac.jp,,,,,
NhXMmK,www.musashi.ac.jp,,,,,
3MnR3C,www.specialoffers.jcb,,,,,
ZgcbSf,2025.japan-mobility-show.com,,,,,
mH8hVj,"www4.dev.7-now.jp
127.0.0.1",,,,,
jDQcgc,"scp.toppan-edge.co.jp
scp.smartcomphotodev.com",,,,,
SfhxRP,"cloakone.toppan-edge.co.jp
stg-cloakone.toppan-edge.co.jp",,,,,
q2Dl8w,publish-p149011-e1520850.adobeaemcloud.com,,,,,