url,導入方式,バージョン
https://wovntechnologies.sharepoint.com,スキップ:認証が必要,
https://tabelog.com,scriptが設置されていません,
https://tabelog.com,scriptが設置されていません,
https://tabelog.com,scriptが設置されていません,
https://tabelog.com,scriptが設置されていません,
https://www.recipe-ru.com,scriptが設置されていません,
https://stg-v2.recipe-ru.com,リクエスト失敗,
https://recipe-ru.local,リクエスト失敗,
https://kaigo-passport-tokyo-member-test.spiral-site.com,リクエスト失敗,
https://test.kaigo-passport-tokyo.jp,リクエスト失敗,
https://member.kaigo-passport-tokyo.jp,scriptが設置されていません,
https://kaigo-passport-tokyo.jp,scriptが設置されていません,
https://dolk.jp,scriptが設置されていません,
https://dolk-sv2.khronoserv.com,リクエスト失敗,
https://6okevu.wovn-demo-proxy.com,リクエスト失敗,
https://demo1.dev.makitori.jp,scriptが設置されていません,
https://demo1.local.makitori.jp,リクエスト失敗,
https://app-demo1.dev.makitori.jp,scriptが設置されていません,
https://app-demo1.local.makitori.jp,リクエスト失敗,
https://stagecrowd.live,scriptが設置されていません,
https://preview.stagecrowd.live,リクエスト失敗,
https://intl.stagecrowd.live,リクエスト失敗,
https://preview.intl.stagecrowd.live,リクエスト失敗,
https://intl.id.exfamily.jp,リクエスト失敗,
https://preview1.smccms.aws.yuu-inc.jp,リクエスト失敗,
https://preview.intl.id.exfamily.jp,リクエスト失敗,
https://niziu.com,scriptが設置されていません,
https://preview.klub-outside.com,リクエスト失敗,
https://klub-outside.com,scriptが設置されていません,
https://preview.skz-stayjapan.com,リクエスト失敗,
https://skz-stayjapan.com,scriptが設置されていません,
https://eng.online.johnnys-net.jp,scriptが設置されていません,
https://preview.eng.online.johnnys-net.jp,リクエスト失敗,
https://eng.online.familyclub.jp,scriptが設置されていません,
https://preview.eng.online.familyclub.jp,リクエスト失敗,
https://worlds-reservation.pokemon.co.jp,scriptが設置されていません,
https://preview.worlds-reservation.pokemon.co.jp,リクエスト失敗,
https://intl.bbz.exfamily.jp,リクエスト失敗,
https://preview1.smccms.aws.yuu-inc.jp,リクエスト失敗,
https://preview.intl.bbz.exfamily.jp,リクエスト失敗,
https://intl.pcf.exfamily.jp,リクエスト失敗,
https://preview1.smccms.aws.yuu-inc.jp,リクエスト失敗,
https://preview.intl.pcf.exfamily.jp,リクエスト失敗,
https://preview.intl.rmpg.exfamily.jp,リクエスト失敗,
https://intl.rmpg.exfamily.jp,リクエスト失敗,
https://preview.rmpg.exfamily.jp,リクエスト失敗,
https://rmpg.exfamily.jp,scriptが設置されていません,
https://preview.official.idolfes.com,リクエスト失敗,
https://official.idolfes.com,scriptが設置されていません,
https://hamee.co.jp,scriptが設置されていません,
https://file.hamee.co.jp,リクエスト失敗,
https://ivory485466.studio.site,リクエスト失敗,
https://www.aichi-value.com,リクエスト失敗,
https://aichi-value.com,リクエスト失敗,
https://unthreed.com,scriptが設置されていません,
https://t.unthreed.com,リクエスト失敗,
https://wf.shonin-time.jp,scriptが設置されていません,
https://www-test.ntt-tc-lease.com,リクエスト失敗,
https://www.ntt-tc-lease.com,scriptが設置されていません,
https://andleo.leopalace21.com,リクエスト失敗,
https://stg-andleo.leopalace21.com,scriptが設置されていません,
https://test-andleo.leopalace21.com,scriptが設置されていません,
https://andleo.alpha-stg.leopalace21.com,リクエスト失敗,
https://paypay.ne.jp,scriptが設置されていません,
https://about.paypay.ne.jp,scriptが設置されていません,
https://wf.shonin-time.jp,scriptが設置されていません,
https://wf.shonin-time.jp,scriptが設置されていません,
https://yusukewovngh01.neocities.org,scriptが設置されていません,
https://www.lpg.tokai.jp,scriptが設置されていません,
https://54.249.117.251,リクエスト失敗,
https://stage.www.lpg.tokai.jp,リクエスト失敗,
https://vasara-h.co.jp,scriptが設置されていません,
https://next.vasara-v3-test.web1.v3.vasara-h.co.jp,リクエスト失敗,
https://next.vasara-v3-test.web2.v3.vasara-h.co.jp,リクエスト失敗,
https://next.test.v3.vasara-h.co.jp,リクエスト失敗,
https://en.next.prod.v3.vasara-h.co.jp,リクエスト失敗,
https://zh-cht.next.prod.v3.vasara-h.co.jp,リクエスト失敗,
https://next.prod.v3.vasara-h.co.jp,リクエスト失敗,
https://www.gunze.jp,scriptが設置されていません,
https://stg.gunze.jp,リクエスト失敗,
https://wf.shonin-time.jp,scriptが設置されていません,
https://3d-stock.net,リクエスト失敗,
https://knowledgecenter.zuora.com,scriptが設置されていません,
https://www.earth.jp,scriptが設置されていません,
https://stg-www.earth-chem.jp,リクエスト失敗,
https://www02.earth.jp,scriptが設置されていません,
https://www.welcometokyo.jp,リクエスト失敗,
https://udx.jp,scriptが設置されていません,
https://kensyo.udx.jp,リクエスト失敗,
https://staging-www.asoview.com,リクエスト失敗,
https://staging-ticket-guest.asoview.com,リクエスト失敗,
https://staging-member.asoview.com,リクエスト失敗,
https://local.asoview.com,リクエスト失敗,
https://qa-www.asoview.com,リクエスト失敗,
https://qa-ticket-guest.asoview.com,リクエスト失敗,
https://qa-member.asoview.com,リクエスト失敗,
https://member.asoview.com,リクエスト失敗,
https://ticket-guest.asoview.com,リクエスト失敗,
https://www.asoview.,リクエスト失敗,
https://acp01.e-vans.jp,リクエスト失敗,
