token,url
kqa42J,https://kabukihall.com
kqa42J,https://ryunomiyako.com
kqa42J,https://xb382556.xbiz.jp
3zG4mA,https://www.ryowa-online.com
3zG4mA,https://ryowa-stg.unit-xdu.tokyo
3zG4mA,https://localhost.unit-xdu.tokyo
rOzjeR,https://202.214.170.44
58WBPi,https://test-mitsui-shopping-park.com
zyLnom,https://www.hankyu-travel.com
zyLnom,https://www-cms.hankyu-travel.com
BlMCAo,https://traveltojapan.hankyu-travel.com
BlMCAo,https://traveltojapan-dev.hankyu-travel.com
BlMCAo,https://traveltojapan-test-new.hankyu-travel.com
BlMCAo,https://traveltojapan-test.hankyu-travel.com
cIV7Vs,https://www.tanseisha.co.jp
cIV7Vs,https://stg.tanseisha.co.jp
8qYsmK,https://order.ymobile.jp
8qYsmK,https://ymobile-onlinestore-dev2.site-ymobile.net
8qYsmK,https://online.ymobile.jp
8qYsmK,https://g11.care.ymobile.jp
8qYsmK,https://preview-order.ymobile.jp
8qYsmK,https://ymobile-onlinestore-dev.site-ymobile.net
8qYsmK,https://stg--online.site-ymobile.net
8qYsmK,https://g11.care-stg.ymobile.jp
8qYsmK,https://preview-order-
oUbEQL,https://kaminashi.jp
oUbEQL,https://kaminashi.com
ASTZlB,https://kaminashi.jp
R69Mxo,https://kaminashi.jp
R69Mxo,https://kaminashi.com
L3QbvQ,https://kaminashi.jp
L3QbvQ,https://kaminashi.com
nMRIP1,https://kaminashi.jp
nMRIP1,https://kaminashi.com
i0lbAT,https://kaminashi.jp
i0lbAT,https://kaminashi.com
r1JvcX,https://kaminashi.jp
r1JvcX,https://kaminashi.com
nwCWY6,https://kaminashi.jp
nwCWY6,https://kaminashi.com
a6gi9B,https://kaminashi.jp
a6gi9B,https://kaminashi.com
tNyzMn,https://kaminashi.jp
tNyzMn,https://kaminashi.com
iRROHm,https://www.tadapla.co.jp
iRROHm,https://www.tadapla.com
iRROHm,https://tadapla.co.jp
Pxf9c-,https://one.nec.com
Pxf9c-,https://dev-one.nec.com
H8Wj2P,https://app.wovn.io
H8Wj2P,https://st-api21.jp-bank.japanpost.jp
H8Wj2P,https://coupon.popinfo.jp
H8Wj2P,https://st-direct21.jp-bank.japanpost.jp
H8Wj2P,https://www.jp-bank.japanpost.jp
H8Wj2P,https://supportbot-admin.userlocal.jp
H8Wj2P,https://users.popinfo.jp
_8q4CS,https://azbilgroup.sharepoint.com
E3xY-C,https://lp.nok.co.jp
E3xY-C,https://products.nokgrp.com
URaEdX,https://spopita.jp
URaEdX,https://stg.spopita.jp
uAgor5,https://expopavilion.lu
gAkDkf,https://www.mmc-carbide.com
gAkDkf,https://www.exam-khp.cloud.mmc.co.jp
nzQXJb,https://manabi.dnp.co.jp
nzQXJb,https://manabi-staging.dnp.co.jp
nzQXJb,https://ssl24267.mediagalaxy.ne.jp
IM6L4u,https://cimtops-support.com
L0nMv_,https://preview.yoasobi-onlinestore.com
L0nMv_,https://yoasobi-onlinestore.com
SxpoQ5,https://www.keikyu.co.jp
ZRuMp0,https://www.kankou-shimane.com
yCcNQz,https://www.reitaku-u.ac.jp
yCcNQz,https://staging.reitaku-u.ac.jp
UFfkeE,https://staging.web.joyfull.support
UFfkeE,https://staging.joyfull-weborder.jp
UFfkeE,https://staging.joyfull-qrorder.jp
UFfkeE,https://joyfull-qrorder.quad.co.jp
UFfkeE,https://joyfull.quad.co.jp
UFfkeE,https://127.0.0.1
UFfkeE,https://joyfull-next-dev-msy2qusjaq-an.a.run.app
UFfkeE,https://joyfull-qrorder.jp
UFfkeE,https://joyfull-weborder.jp
UFfkeE,https://joyfull-
nN5VhF,https://polyplastics-inv.resv.jp
yEwhPy,https://couponbank.relo.jp
yEwhPy,https://t.couponbank.relo.jp
dFQnXv,https://staging.potal-site.komehyo-auction.com
tL9Asa,https://www.kyusan-u.ac.jp
Uz6Vfk,https://www.fukuoka-airport.jp
L3tm-O,https://test4.fukuri.jp
L3tm-O,https://sptest4.fukuri.jp
L3tm-O,https://ticket.reloclub.jp
NeBnRZ,https://nerima.bamboo-lab.com
NeBnRZ,https://www.neribun.or.jp
dLC1Hr,https://t.pia.jp
dLC1Hr,https://ticket-sale.pia.jp
dLC1Hr,https://ticket-lot.pia.jp
dLC1Hr,https://ticket-auth.pia.jp
dLC1Hr,https://ticket-account.pia.jp
