ホテル名,URL
ベッセルホテルカンパーナすすきの,https://www.vessel-hotel.jp/campana/susukino/
ベッセルイン札幌中島公園,https://www.vessel-hotel.jp/inn/sapporo/
レフ大宮 by ベッセルホテルズ,https://www.vessel-hotel.jp/ref/omiya/
ベッセルイン八千代勝田台駅前,https://www.vessel-hotel.jp/inn/yachiyo/
ベッセルイン千葉駅前,https://www.vessel-hotel.jp/inn/chiba/
ベッセルイン京成津田沼駅前,https://www.vessel-hotel.jp/inn/tsudanuma/
ベッセルイン浅草 つくばエクスプレス,https://www.vessel-hotel.jp/inn/asakusa/
ベッセルイン上野入谷駅前,https://www.vessel-hotel.jp/inn/ueno/
ベッセルイン高田馬場駅前,https://www.vessel-hotel.jp/inn/takadanobaba/
ベッセルイン栄駅前,https://www.vessel-hotel.jp/inn/sakae/
ベッセルホテルカンパーナ名古屋,https://www.vessel-hotel.jp/campana/nagoya/
ベッセルイン滋賀守山駅前,https://www.vessel-hotel.jp/inn/moriyama/
ベッセルホテルカンパーナ京都五条,https://www.vessel-hotel.jp/campana/kyoto/
レフ京都八条口 by ベッセルホテルズ,https://www.vessel-hotel.jp/ref/kyoto/
ベッセルイン心斎橋,https://www.vessel-hotel.jp/inn/shinsaibashi/
ベッセルインなんば,https://www.vessel-hotel.jp/inn/namba/
レフ関空泉佐野 by ベッセルホテルズ,https://www.vessel-hotel.jp/ref/izumisano/
ベッセルホテル倉敷,https://www.vessel-hotel.jp/hotel/kurashiki/
ベッセルイン福山駅北口,https://www.vessel-hotel.jp/inn/fukuyama/
ベッセルホテル福山,https://www.vessel-hotel.jp/hotel/fukuyama/
ベッセルホテル東広島,https://www.vessel-hotel.jp/hotel/higashihiroshima/
ベッセルイン広島駅前,https://www.vessel-hotel.jp/inn/hiroshima/
レフ松山市駅 by ベッセルホテルズ,https://www.vessel-hotel.jp/ref/matsuyama/
ベッセルホテル苅田北九州空港,https://www.vessel-hotel.jp/hotel/kanda/
ベッセルホテル福岡貝塚,https://www.vessel-hotel.jp/hotel/fukuoka/
ベッセルイン博多中洲,https://www.vessel-hotel.jp/inn/hakatanakasu/
ベッセルホテル熊本空港,https://www.vessel-hotel.jp/hotel/kumamoto/
レフ熊本 by ベッセルホテルズ,https://www.vessel-hotel.jp/ref/kumamoto/
ベッセルホテル都城,https://www.vessel-hotel.jp/hotel/miyakonojo/
レフ沖縄アリーナ by ベッセルホテルズ,https://www.vessel-hotel.jp/ref/okinawa/
レクー沖縄北谷スパ＆リゾート,https://www.vessel-hotel.jp/lequ/okinawa/
ベッセルホテルカンパーナ沖縄,https://www.vessel-hotel.jp/campana/okinawa/
ベッセルホテル石垣島,https://www.vessel-hotel.jp/hotel/ishigaki/
福山ニューキャッスルホテル,https://www.new-castle.net/
